"perm","timestep","id","parent_id","x","y","stage","birth_timestep","have_info","detected","managing","last_known_timestep"
1,1,1,NA,1460.24722517779,1541.71960030143,2,0,FALSE,FALSE,FALSE,NA
1,2,3,1,1508.99534140257,1335.32932422838,1,2,FALSE,FALSE,FALSE,NA
1,2,4,1,1429.1118595378,1524.40984668607,1,2,FALSE,FALSE,FALSE,NA
1,2,5,1,1427.24645923562,1450.90246435846,1,2,FALSE,FALSE,FALSE,NA
1,3,4,1,1474.25620741753,1516.39056316706,2,2,FALSE,FALSE,FALSE,NA
1,3,5,1,1427.24645923562,1450.90246435846,1,2,FALSE,FALSE,FALSE,NA
1,4,4,1,1474.25620741753,1516.39056316706,2,2,FALSE,FALSE,FALSE,NA
1,4,5,1,1427.24645923562,1450.90246435846,1,2,FALSE,FALSE,FALSE,NA
1,4,6,4,1541.93743230732,1713.01602685022,1,4,FALSE,FALSE,FALSE,NA
1,4,7,4,1366.85328369518,1705.71009389257,1,4,FALSE,FALSE,FALSE,NA
1,4,8,4,1297.53420078233,1483.23510400088,1,4,FALSE,FALSE,FALSE,NA
1,5,4,1,1474.25620741753,1516.39056316706,2,2,FALSE,FALSE,FALSE,NA
1,5,5,1,1427.24645923562,1450.90246435846,1,2,FALSE,FALSE,FALSE,NA
1,5,6,4,1541.93743230732,1713.01602685022,1,4,FALSE,FALSE,FALSE,NA
1,5,7,4,1359.20336608888,1703.38898559712,2,4,FALSE,FALSE,FALSE,NA
1,5,8,4,1297.93623151475,1495.28074186295,2,4,FALSE,FALSE,FALSE,NA
1,6,4,1,1474.25620741753,1516.39056316706,2,2,FALSE,FALSE,FALSE,NA
1,6,5,1,1427.24645923562,1450.90246435846,1,2,FALSE,FALSE,FALSE,NA
1,6,7,4,1359.20336608888,1703.38898559712,2,4,FALSE,FALSE,FALSE,NA
1,6,9,4,1532.24119348203,1573.46508956019,1,6,FALSE,FALSE,FALSE,NA
1,6,10,4,1453.63328363178,1541.98309166318,1,6,FALSE,FALSE,FALSE,NA
1,7,4,1,1474.25620741753,1516.39056316706,2,2,FALSE,FALSE,FALSE,NA
1,7,5,1,1444.3313852092,1453.17304960665,2,2,FALSE,FALSE,FALSE,NA
1,7,7,4,1359.20336608888,1703.38898559712,2,4,FALSE,FALSE,FALSE,NA
1,7,9,4,1514.82197541196,1591.48941738446,2,6,FALSE,FALSE,FALSE,NA
1,7,10,4,1453.63328363178,1541.98309166318,1,6,FALSE,FALSE,FALSE,NA
1,7,11,4,1534.43767124716,1456.58409925797,1,7,FALSE,FALSE,FALSE,NA
1,7,12,7,1380.18517655458,1656.75746471539,1,7,FALSE,FALSE,FALSE,NA
1,8,4,1,1474.25620741753,1516.39056316706,2,2,FALSE,FALSE,FALSE,NA
1,8,5,1,1444.3313852092,1453.17304960665,2,2,FALSE,FALSE,FALSE,NA
1,8,7,4,1359.20336608888,1703.38898559712,2,4,FALSE,FALSE,FALSE,NA
1,8,9,4,1514.82197541196,1591.48941738446,2,6,FALSE,FALSE,FALSE,NA
1,8,11,4,1512.70635318818,1583.36865557161,2,7,FALSE,FALSE,FALSE,NA
1,8,12,7,1455.80557687143,1655.88938098484,2,7,FALSE,FALSE,FALSE,NA
1,8,13,4,1463.94117023428,1610.71921945313,1,8,FALSE,FALSE,FALSE,NA
1,8,14,5,1366.92148736488,1462.54078576133,1,8,FALSE,FALSE,FALSE,NA
1,8,15,7,1237.36676302603,1694.93777610561,1,8,FALSE,FALSE,FALSE,NA
1,9,4,1,1474.25620741753,1516.39056316706,2,2,FALSE,FALSE,FALSE,NA
1,9,5,1,1444.3313852092,1453.17304960665,2,2,FALSE,FALSE,FALSE,NA
1,9,9,4,1514.82197541196,1591.48941738446,2,6,FALSE,FALSE,FALSE,NA
1,9,11,4,1512.70635318818,1583.36865557161,2,7,FALSE,FALSE,FALSE,NA
1,9,13,4,1433.50117644731,1748.94270948081,2,8,FALSE,FALSE,FALSE,NA
1,9,14,5,1329.87624723156,1488.47337762524,2,8,FALSE,FALSE,FALSE,NA
1,9,15,7,1155.65082252031,1692.59972239259,2,8,FALSE,FALSE,FALSE,NA
1,9,16,4,1667.85544230693,1604.07524105264,1,9,FALSE,FALSE,FALSE,NA
1,9,17,5,1590.3274378687,1469.54991664828,1,9,FALSE,FALSE,FALSE,NA
1,9,18,5,1509.47376944957,1298.38302212093,1,9,FALSE,FALSE,FALSE,NA
1,9,19,5,1511.56347627385,1516.19672921017,1,9,FALSE,FALSE,FALSE,NA
1,9,20,7,1337.67462367795,1907.74151997416,1,9,FALSE,FALSE,FALSE,NA
1,9,21,7,1594.29957847484,1795.08278901275,1,9,FALSE,FALSE,FALSE,NA
1,9,22,9,784.690765861101,839.683701728802,1,9,FALSE,FALSE,FALSE,NA
1,9,23,9,1479.18721189032,1237.3491511134,1,9,FALSE,FALSE,FALSE,NA
1,9,24,9,1863.31588721357,1178.05084502079,1,9,FALSE,FALSE,FALSE,NA
1,9,25,11,1554.67802146486,1813.36879697323,1,9,FALSE,FALSE,FALSE,NA
1,10,4,1,1474.25620741753,1516.39056316706,2,2,FALSE,FALSE,FALSE,NA
1,10,5,1,1444.3313852092,1453.17304960665,2,2,FALSE,FALSE,FALSE,NA
1,10,9,4,1514.82197541196,1591.48941738446,2,6,FALSE,FALSE,FALSE,NA
1,10,11,4,1512.70635318818,1583.36865557161,2,7,FALSE,FALSE,FALSE,NA
1,10,13,4,1433.50117644731,1748.94270948081,2,8,FALSE,FALSE,FALSE,NA
1,10,14,5,1329.87624723156,1488.47337762524,2,8,FALSE,FALSE,FALSE,NA
1,10,15,7,1155.65082252031,1692.59972239259,2,8,FALSE,FALSE,FALSE,NA
1,10,16,4,1648.26447156108,1574.47429117602,2,9,FALSE,FALSE,FALSE,NA
1,10,17,5,1590.3274378687,1469.54991664828,1,9,FALSE,FALSE,FALSE,NA
1,10,18,5,1523.86997877857,1195.65935414681,2,9,FALSE,FALSE,FALSE,NA
1,10,19,5,1540.24026513888,1459.58941649654,2,9,FALSE,FALSE,FALSE,NA
1,10,20,7,1337.67462367795,1907.74151997416,1,9,FALSE,FALSE,FALSE,NA
1,10,21,7,1594.4375393662,1775.3995184088,2,9,FALSE,FALSE,FALSE,NA
1,10,22,9,784.690765861101,839.683701728802,1,9,FALSE,FALSE,FALSE,NA
1,10,23,9,1506.55706017366,1234.37453867278,2,9,FALSE,FALSE,FALSE,NA
1,10,24,9,1863.31588721357,1178.05084502079,1,9,FALSE,FALSE,FALSE,NA
1,10,25,11,1554.67802146486,1813.36879697323,1,9,FALSE,FALSE,FALSE,NA
1,10,26,5,1475.43841625123,1457.48314111271,1,10,FALSE,FALSE,FALSE,NA
1,10,27,9,1553.63520016337,1830.16468985257,1,10,FALSE,FALSE,FALSE,NA
1,10,28,11,1348.73946900304,1461.31322360451,1,10,FALSE,FALSE,FALSE,NA
1,10,29,11,1721.35198485995,1613.33659697605,1,10,FALSE,FALSE,FALSE,NA
1,10,30,14,1236.64312748154,1657.54221264819,1,10,FALSE,FALSE,FALSE,NA
1,10,31,15,1142.44896294395,1705.92926669867,1,10,FALSE,FALSE,FALSE,NA
1,10,32,15,725.379335178001,1905.54888735496,1,10,FALSE,FALSE,FALSE,NA
1,10,33,15,1295.33237776329,1508.39545619039,1,10,FALSE,FALSE,FALSE,NA
1,10,34,15,961.38039366982,1757.01440947146,1,10,FALSE,FALSE,FALSE,NA
1,11,4,1,1474.25620741753,1516.39056316706,2,2,FALSE,FALSE,FALSE,NA
1,11,5,1,1444.3313852092,1453.17304960665,2,2,FALSE,FALSE,FALSE,NA
1,11,9,4,1514.82197541196,1591.48941738446,2,6,FALSE,FALSE,FALSE,NA
1,11,13,4,1433.50117644731,1748.94270948081,2,8,FALSE,FALSE,FALSE,NA
1,11,14,5,1329.87624723156,1488.47337762524,2,8,FALSE,FALSE,FALSE,NA
1,11,16,4,1648.26447156108,1574.47429117602,2,9,FALSE,FALSE,FALSE,NA
1,11,17,5,1590.3274378687,1469.54991664828,1,9,FALSE,FALSE,FALSE,NA
1,11,18,5,1523.86997877857,1195.65935414681,2,9,FALSE,FALSE,FALSE,NA
1,11,19,5,1540.24026513888,1459.58941649654,2,9,FALSE,FALSE,FALSE,NA
1,11,20,7,1335.95661400001,1901.85688895907,2,9,FALSE,FALSE,FALSE,NA
1,11,22,9,769.761206551756,776.365576737845,2,9,FALSE,FALSE,FALSE,NA
1,11,23,9,1506.55706017366,1234.37453867278,2,9,FALSE,FALSE,FALSE,NA
1,11,24,9,1852.2622422083,1199.0706984636,2,9,FALSE,FALSE,FALSE,NA
1,11,25,11,1547.21873124554,1788.01580955159,2,9,FALSE,FALSE,FALSE,NA
1,11,27,9,1562.29359134906,1812.09677157641,2,10,FALSE,FALSE,FALSE,NA
1,11,28,11,1345.75067272737,1461.59030285179,2,10,FALSE,FALSE,FALSE,NA
1,11,29,11,1717.86553589625,1613.73738089727,2,10,FALSE,FALSE,FALSE,NA
1,11,31,15,1175.60763360288,1633.56068106508,2,10,FALSE,FALSE,FALSE,NA
1,11,32,15,838.081226707965,1909.13830550844,2,10,FALSE,FALSE,FALSE,NA
1,11,33,15,1295.33237776329,1508.39545619039,1,10,FALSE,FALSE,FALSE,NA
1,11,34,15,940.138917545973,1788.54211326201,2,10,FALSE,FALSE,FALSE,NA
1,11,35,5,1194.14830557052,345.204440069572,1,11,FALSE,FALSE,FALSE,NA
1,11,36,9,382.631788902113,272.910248888823,1,11,FALSE,FALSE,FALSE,NA
1,11,37,13,1422.30916093061,1849.34654948884,1,11,FALSE,FALSE,FALSE,NA
1,11,38,13,1287.25693556636,1641.49597060798,1,11,FALSE,FALSE,FALSE,NA
1,11,39,13,1563.76023779649,1587.85665996415,1,11,FALSE,FALSE,FALSE,NA
1,11,40,15,1243.40047503978,1696.02092569517,1,11,FALSE,FALSE,FALSE,NA
1,11,41,15,1155.42957139645,1578.39662050646,1,11,FALSE,FALSE,FALSE,NA
1,11,42,15,841.904942415776,2178.82931944812,1,11,FALSE,FALSE,FALSE,NA
1,11,43,15,1333.50372618023,1496.85827158686,1,11,FALSE,FALSE,FALSE,NA
1,11,44,15,1230.82240998952,2081.54195595169,1,11,FALSE,FALSE,FALSE,NA
1,11,45,16,1050.21665518793,1312.66977542297,1,11,FALSE,FALSE,FALSE,NA
1,11,46,18,1118.83379173277,818.818616654113,1,11,FALSE,FALSE,FALSE,NA
1,11,47,18,1527.28342723764,1191.77469011633,1,11,FALSE,FALSE,FALSE,NA
1,11,48,18,1196.38100715935,1085.34681143047,1,11,FALSE,FALSE,FALSE,NA
1,11,49,18,1515.8735653162,1250.25828657735,1,11,FALSE,FALSE,FALSE,NA
1,11,50,19,1319.4189886316,1431.42318194883,1,11,FALSE,FALSE,FALSE,NA
1,11,51,21,1603.88472340469,1780.14613177949,1,11,FALSE,FALSE,FALSE,NA
1,11,52,21,1595.69931188614,1714.85148792491,1,11,FALSE,FALSE,FALSE,NA
1,11,53,23,1431.97381204449,1199.27200611885,1,11,FALSE,FALSE,FALSE,NA
1,11,54,23,1762.79868322384,749.286699345706,1,11,FALSE,FALSE,FALSE,NA
1,11,55,23,1666.36344468125,1282.24006344224,1,11,FALSE,FALSE,FALSE,NA
1,12,4,1,1474.25620741753,1516.39056316706,2,2,FALSE,FALSE,FALSE,NA
1,12,5,1,1444.3313852092,1453.17304960665,2,2,FALSE,FALSE,FALSE,NA
1,12,9,4,1514.82197541196,1591.48941738446,2,6,FALSE,FALSE,FALSE,NA
1,12,13,4,1433.50117644731,1748.94270948081,2,8,FALSE,FALSE,FALSE,NA
1,12,14,5,1329.87624723156,1488.47337762524,2,8,FALSE,FALSE,FALSE,NA
1,12,16,4,1648.26447156108,1574.47429117602,2,9,FALSE,FALSE,FALSE,NA
1,12,17,5,1590.3274378687,1469.54991664828,1,9,FALSE,FALSE,FALSE,NA
1,12,18,5,1523.86997877857,1195.65935414681,2,9,FALSE,FALSE,FALSE,NA
1,12,19,5,1540.24026513888,1459.58941649654,2,9,FALSE,FALSE,FALSE,NA
1,12,20,7,1335.95661400001,1901.85688895907,2,9,FALSE,FALSE,FALSE,NA
1,12,22,9,769.761206551756,776.365576737845,2,9,FALSE,FALSE,FALSE,NA
1,12,23,9,1506.55706017366,1234.37453867278,2,9,FALSE,FALSE,FALSE,NA
1,12,24,9,1852.2622422083,1199.0706984636,2,9,FALSE,FALSE,FALSE,NA
1,12,27,9,1562.29359134906,1812.09677157641,2,10,FALSE,FALSE,FALSE,NA
1,12,28,11,1345.75067272737,1461.59030285179,2,10,FALSE,FALSE,FALSE,NA
1,12,29,11,1717.86553589625,1613.73738089727,2,10,FALSE,FALSE,FALSE,NA
1,12,31,15,1175.60763360288,1633.56068106508,2,10,FALSE,FALSE,FALSE,NA
1,12,32,15,838.081226707965,1909.13830550844,2,10,FALSE,FALSE,FALSE,NA
1,12,33,15,1294.4151803067,1503.45629184798,2,10,FALSE,FALSE,FALSE,NA
1,12,34,15,940.138917545973,1788.54211326201,2,10,FALSE,FALSE,FALSE,NA
1,12,35,5,1170.25782702463,342.791347482422,2,11,FALSE,FALSE,FALSE,NA
1,12,36,9,384.366269221173,239.620556986075,2,11,FALSE,FALSE,FALSE,NA
1,12,37,13,1422.30916093061,1849.34654948884,1,11,FALSE,FALSE,FALSE,NA
1,12,38,13,1287.25693556636,1641.49597060798,1,11,FALSE,FALSE,FALSE,NA
1,12,39,13,1396.19986844687,1652.8641633748,2,11,FALSE,FALSE,FALSE,NA
1,12,40,15,1267.03688692181,1845.87540310615,2,11,FALSE,FALSE,FALSE,NA
1,12,42,15,857.374111223109,2143.12329856366,2,11,FALSE,FALSE,FALSE,NA
1,12,43,15,1341.40530980665,1507.36224275593,2,11,FALSE,FALSE,FALSE,NA
1,12,44,15,942.356843986241,2269.75357015423,2,11,FALSE,FALSE,FALSE,NA
1,12,45,16,1086.75765330928,1361.51444860359,2,11,FALSE,FALSE,FALSE,NA
1,12,46,18,1118.83379173277,818.818616654113,1,11,FALSE,FALSE,FALSE,NA
1,12,47,18,1527.28342723764,1191.77469011633,1,11,FALSE,FALSE,FALSE,NA
1,12,48,18,1214.45104694875,1151.3887811038,2,11,FALSE,FALSE,FALSE,NA
1,12,49,18,1508.13272980284,1342.24573396543,2,11,FALSE,FALSE,FALSE,NA
1,12,52,21,1595.69931188614,1714.85148792491,1,11,FALSE,FALSE,FALSE,NA
1,12,53,23,1507.89616090325,1114.10002903087,2,11,FALSE,FALSE,FALSE,NA
1,12,54,23,1763.09118518469,750.078965180192,2,11,FALSE,FALSE,FALSE,NA
1,12,55,23,1691.20767696955,1158.69168230931,2,11,FALSE,FALSE,FALSE,NA
1,12,56,4,1939.6742211213,1937.19484198448,1,12,FALSE,FALSE,FALSE,NA
1,12,57,4,1586.990124016,1580.19425665646,1,12,FALSE,FALSE,FALSE,NA
1,12,58,4,1488.31659307457,1389.08034961279,1,12,FALSE,FALSE,FALSE,NA
1,12,59,4,1962.18921361036,1214.01884925541,1,12,FALSE,FALSE,FALSE,NA
1,12,60,9,1481.458562072,1383.85123611664,1,12,FALSE,FALSE,FALSE,NA
1,12,61,9,1571.60355424192,1488.38174757271,1,12,FALSE,FALSE,FALSE,NA
1,12,62,14,1697.29270090019,991.117648436071,1,12,FALSE,FALSE,FALSE,NA
1,12,63,14,1326.54005516268,1487.07015999719,1,12,FALSE,FALSE,FALSE,NA
1,12,64,16,891.056634717625,1450.83287801359,1,12,FALSE,FALSE,FALSE,NA
1,12,65,18,1516.91660664739,1235.63883786274,1,12,FALSE,FALSE,FALSE,NA
1,12,66,18,1494.45502564861,1171.25550759698,1,12,FALSE,FALSE,FALSE,NA
1,12,67,20,1441.30269272823,1968.42092807692,1,12,FALSE,FALSE,FALSE,NA
1,12,68,22,859.626762644227,569.817857241201,1,12,FALSE,FALSE,FALSE,NA
1,12,69,22,849.279851562505,806.758408638305,1,12,FALSE,FALSE,FALSE,NA
1,12,70,24,2297.36820885122,1526.03476632157,1,12,FALSE,FALSE,FALSE,NA
1,12,71,24,1849.39347583028,1178.60152434776,1,12,FALSE,FALSE,FALSE,NA
1,12,72,25,1494.22625633415,1727.22775703844,1,12,FALSE,FALSE,FALSE,NA
1,12,73,27,1767.89002853483,2643.20676377784,1,12,FALSE,FALSE,FALSE,NA
1,12,74,27,1860.44795715514,2035.18624902165,1,12,FALSE,FALSE,FALSE,NA
1,12,75,28,1354.36262141225,1310.0563288652,1,12,FALSE,FALSE,FALSE,NA
1,12,76,32,1102.13032395619,2150.84065018228,1,12,FALSE,FALSE,FALSE,NA
1,12,77,34,852.689741711903,1731.30179169804,1,12,FALSE,FALSE,FALSE,NA
1,13,4,1,1474.25620741753,1516.39056316706,2,2,FALSE,FALSE,FALSE,NA
1,13,13,4,1433.50117644731,1748.94270948081,2,8,FALSE,FALSE,FALSE,NA
1,13,14,5,1329.87624723156,1488.47337762524,2,8,FALSE,FALSE,FALSE,NA
1,13,17,5,1589.12725087032,1494.74703179027,2,9,FALSE,FALSE,FALSE,NA
1,13,19,5,1540.24026513888,1459.58941649654,2,9,FALSE,FALSE,FALSE,NA
1,13,20,7,1335.95661400001,1901.85688895907,2,9,FALSE,FALSE,FALSE,NA
1,13,22,9,769.761206551756,776.365576737845,2,9,FALSE,FALSE,FALSE,NA
1,13,23,9,1506.55706017366,1234.37453867278,2,9,FALSE,FALSE,FALSE,NA
1,13,27,9,1562.29359134906,1812.09677157641,2,10,FALSE,FALSE,FALSE,NA
1,13,28,11,1345.75067272737,1461.59030285179,2,10,FALSE,FALSE,FALSE,NA
1,13,31,15,1175.60763360288,1633.56068106508,2,10,FALSE,FALSE,FALSE,NA
1,13,33,15,1294.4151803067,1503.45629184798,2,10,FALSE,FALSE,FALSE,NA
1,13,34,15,940.138917545973,1788.54211326201,2,10,FALSE,FALSE,FALSE,NA
1,13,36,9,384.366269221173,239.620556986075,2,11,FALSE,FALSE,FALSE,NA
1,13,37,13,1345.09795763862,1827.46727956272,2,11,FALSE,FALSE,FALSE,NA
1,13,38,13,1411.40616025012,1573.28321745224,2,11,FALSE,FALSE,FALSE,NA
1,13,39,13,1396.19986844687,1652.8641633748,2,11,FALSE,FALSE,FALSE,NA
1,13,40,15,1267.03688692181,1845.87540310615,2,11,FALSE,FALSE,FALSE,NA
1,13,45,16,1086.75765330928,1361.51444860359,2,11,FALSE,FALSE,FALSE,NA
1,13,46,18,1118.83379173277,818.818616654113,1,11,FALSE,FALSE,FALSE,NA
1,13,47,18,1537.60498112721,1106.94418127279,2,11,FALSE,FALSE,FALSE,NA
1,13,48,18,1214.45104694875,1151.3887811038,2,11,FALSE,FALSE,FALSE,NA
1,13,49,18,1508.13272980284,1342.24573396543,2,11,FALSE,FALSE,FALSE,NA
1,13,52,21,2033.19475508759,1719.41795319324,2,11,FALSE,FALSE,FALSE,NA
1,13,55,23,1691.20767696955,1158.69168230931,2,11,FALSE,FALSE,FALSE,NA
1,13,56,4,1932.75509498749,1942.47829024952,2,12,FALSE,FALSE,FALSE,NA
1,13,57,4,1443.02150350093,1546.53518520368,2,12,FALSE,FALSE,FALSE,NA
1,13,58,4,1488.31659307457,1389.08034961279,1,12,FALSE,FALSE,FALSE,NA
1,13,59,4,1962.18921361036,1214.01884925541,1,12,FALSE,FALSE,FALSE,NA
1,13,60,9,1493.67872095176,1328.32018103783,2,12,FALSE,FALSE,FALSE,NA
1,13,61,9,1571.60355424192,1488.38174757271,1,12,FALSE,FALSE,FALSE,NA
1,13,62,14,1697.29270090019,991.117648436071,1,12,FALSE,FALSE,FALSE,NA
1,13,63,14,1315.16879508039,1499.4801214157,2,12,FALSE,FALSE,FALSE,NA
1,13,64,16,1023.00820888406,1485.40060389113,2,12,FALSE,FALSE,FALSE,NA
1,13,65,18,1547.80795260562,1226.62268650624,2,12,FALSE,FALSE,FALSE,NA
1,13,66,18,1672.44178270667,1377.66370102183,2,12,FALSE,FALSE,FALSE,NA
1,13,67,20,1441.30269272823,1968.42092807692,1,12,FALSE,FALSE,FALSE,NA
1,13,68,22,853.213134154936,563.686524224707,2,12,FALSE,FALSE,FALSE,NA
1,13,69,22,849.279851562505,806.758408638305,1,12,FALSE,FALSE,FALSE,NA
1,13,71,24,1849.39347583028,1178.60152434776,1,12,FALSE,FALSE,FALSE,NA
1,13,72,25,1494.22625633415,1727.22775703844,1,12,FALSE,FALSE,FALSE,NA
1,13,73,27,1729.81424550557,2634.59278085091,2,12,FALSE,FALSE,FALSE,NA
1,13,74,27,1860.44795715514,2035.18624902165,1,12,FALSE,FALSE,FALSE,NA
1,13,76,32,1101.7634669492,2153.13201908848,2,12,FALSE,FALSE,FALSE,NA
1,13,78,4,1188.71211255859,1365.77787995826,1,13,FALSE,FALSE,FALSE,NA
1,13,79,5,1458.63034727788,1361.35548704721,1,13,FALSE,FALSE,FALSE,NA
1,13,80,9,1525.5115001007,1561.02894011767,1,13,FALSE,FALSE,FALSE,NA
1,13,81,9,1534.47059993548,1372.15977147433,1,13,FALSE,FALSE,FALSE,NA
1,13,82,9,1680.09527374964,1505.45818405013,1,13,FALSE,FALSE,FALSE,NA
1,13,83,9,1658.40896557497,2040.61612774906,1,13,FALSE,FALSE,FALSE,NA
1,13,84,14,1438.5809882146,1473.49281592793,1,13,FALSE,FALSE,FALSE,NA
1,13,85,16,1468.53317213556,1498.90456486348,1,13,FALSE,FALSE,FALSE,NA
1,13,86,18,952.845284673823,670.357520308434,1,13,FALSE,FALSE,FALSE,NA
1,13,87,19,1493.81305264951,2010.5324713789,1,13,FALSE,FALSE,FALSE,NA
1,13,88,22,1365.9840483379,936.139309877804,1,13,FALSE,FALSE,FALSE,NA
1,13,89,22,788.28910332404,770.314572960639,1,13,FALSE,FALSE,FALSE,NA
1,13,90,22,1432.73232335381,434.02452579111,1,13,FALSE,FALSE,FALSE,NA
1,13,91,23,1533.23779631727,1345.77785764303,1,13,FALSE,FALSE,FALSE,NA
1,13,92,23,1657.61304583093,1102.02157745498,1,13,FALSE,FALSE,FALSE,NA
1,13,93,24,1852.39873809083,1217.5658963974,1,13,FALSE,FALSE,FALSE,NA
1,13,94,24,1093.32582647312,1272.55546121696,1,13,FALSE,FALSE,FALSE,NA
1,13,95,27,1323.53437660028,1478.36993683683,1,13,FALSE,FALSE,FALSE,NA
1,13,96,28,1347.00802781266,1455.59460988719,1,13,FALSE,FALSE,FALSE,NA
1,13,97,31,1074.6397491716,1459.15327413895,1,13,FALSE,FALSE,FALSE,NA
1,13,98,31,1178.53948602717,1675.25700341911,1,13,FALSE,FALSE,FALSE,NA
1,13,99,32,837.131168369211,1476.65856812934,1,13,FALSE,FALSE,FALSE,NA
1,13,100,33,1289.95063221904,1500.44364836461,1,13,FALSE,FALSE,FALSE,NA
1,13,101,34,908.981710133479,1810.25195409654,1,13,FALSE,FALSE,FALSE,NA
1,13,102,34,956.44379585759,1811.20069424044,1,13,FALSE,FALSE,FALSE,NA
1,13,103,34,998.2925916077,2406.51265126212,1,13,FALSE,FALSE,FALSE,NA
1,13,104,34,1135.93076083905,1509.8025972989,1,13,FALSE,FALSE,FALSE,NA
1,13,105,35,2539.69932600556,386.629222015352,1,13,FALSE,FALSE,FALSE,NA
1,13,106,35,924.336582115257,585.009622208513,1,13,FALSE,FALSE,FALSE,NA
1,13,107,36,347.122772911925,295.763466955907,1,13,FALSE,FALSE,FALSE,NA
1,13,108,39,1148.18317914264,1785.12609345952,1,13,FALSE,FALSE,FALSE,NA
1,13,109,39,1596.68507417634,1746.04080398248,1,13,FALSE,FALSE,FALSE,NA
1,13,110,40,1251.73416380849,1948.95595151851,1,13,FALSE,FALSE,FALSE,NA
1,13,111,42,845.133208262229,2700.53905721739,1,13,FALSE,FALSE,FALSE,NA
1,13,112,42,1389.72405393695,2500.62654395424,1,13,FALSE,FALSE,FALSE,NA
1,13,113,42,1112.87650501927,1943.27051274184,1,13,FALSE,FALSE,FALSE,NA
1,13,114,43,1353.39017488211,1372.07179211009,1,13,FALSE,FALSE,FALSE,NA
1,13,115,43,1217.88284125073,1548.13308581533,1,13,FALSE,FALSE,FALSE,NA
1,13,116,45,1000.90935554786,1162.68795576485,1,13,FALSE,FALSE,FALSE,NA
1,13,117,48,1128.36302296778,1490.20933457796,1,13,FALSE,FALSE,FALSE,NA
1,13,118,49,631.602191404194,2131.85857213424,1,13,FALSE,FALSE,FALSE,NA
1,13,119,54,2278.50451972999,949.240941041701,1,13,FALSE,FALSE,FALSE,NA
1,13,120,54,1747.84970972334,688.328554239502,1,13,FALSE,FALSE,FALSE,NA
1,13,121,55,1804.28289872536,1165.24667183595,1,13,FALSE,FALSE,FALSE,NA
1,13,122,55,1947.94947444029,1210.83682186025,1,13,FALSE,FALSE,FALSE,NA
1,14,4,1,1474.25620741753,1516.39056316706,2,2,FALSE,FALSE,FALSE,NA
1,14,13,4,1433.50117644731,1748.94270948081,2,8,FALSE,FALSE,FALSE,NA
1,14,14,5,1329.87624723156,1488.47337762524,2,8,FALSE,FALSE,FALSE,NA
1,14,17,5,1589.12725087032,1494.74703179027,2,9,FALSE,FALSE,FALSE,NA
1,14,19,5,1540.24026513888,1459.58941649654,2,9,FALSE,FALSE,FALSE,NA
1,14,20,7,1335.95661400001,1901.85688895907,2,9,FALSE,FALSE,FALSE,NA
1,14,22,9,769.761206551756,776.365576737845,2,9,FALSE,FALSE,FALSE,NA
1,14,23,9,1506.55706017366,1234.37453867278,2,9,FALSE,FALSE,FALSE,NA
1,14,27,9,1562.29359134906,1812.09677157641,2,10,FALSE,FALSE,FALSE,NA
1,14,28,11,1345.75067272737,1461.59030285179,2,10,FALSE,FALSE,FALSE,NA
1,14,31,15,1175.60763360288,1633.56068106508,2,10,FALSE,FALSE,FALSE,NA
1,14,33,15,1294.4151803067,1503.45629184798,2,10,FALSE,FALSE,FALSE,NA
1,14,34,15,940.138917545973,1788.54211326201,2,10,FALSE,FALSE,FALSE,NA
1,14,37,13,1345.09795763862,1827.46727956272,2,11,FALSE,FALSE,FALSE,NA
1,14,38,13,1411.40616025012,1573.28321745224,2,11,FALSE,FALSE,FALSE,NA
1,14,39,13,1396.19986844687,1652.8641633748,2,11,FALSE,FALSE,FALSE,NA
1,14,45,16,1086.75765330928,1361.51444860359,2,11,FALSE,FALSE,FALSE,NA
1,14,46,18,1111.8350106552,807.92980630979,2,11,FALSE,FALSE,FALSE,NA
1,14,47,18,1537.60498112721,1106.94418127279,2,11,FALSE,FALSE,FALSE,NA
1,14,48,18,1214.45104694875,1151.3887811038,2,11,FALSE,FALSE,FALSE,NA
1,14,49,18,1508.13272980284,1342.24573396543,2,11,FALSE,FALSE,FALSE,NA
1,14,52,21,2033.19475508759,1719.41795319324,2,11,FALSE,FALSE,FALSE,NA
1,14,55,23,1691.20767696955,1158.69168230931,2,11,FALSE,FALSE,FALSE,NA
1,14,56,4,1932.75509498749,1942.47829024952,2,12,FALSE,FALSE,FALSE,NA
1,14,59,4,1879.37930954548,1230.34478069295,2,12,FALSE,FALSE,FALSE,NA
1,14,60,9,1493.67872095176,1328.32018103783,2,12,FALSE,FALSE,FALSE,NA
1,14,61,9,1571.60355424192,1488.38174757271,1,12,FALSE,FALSE,FALSE,NA
1,14,62,14,1681.31270998304,990.796628643303,2,12,FALSE,FALSE,FALSE,NA
1,14,63,14,1315.16879508039,1499.4801214157,2,12,FALSE,FALSE,FALSE,NA
1,14,64,16,1023.00820888406,1485.40060389113,2,12,FALSE,FALSE,FALSE,NA
1,14,65,18,1547.80795260562,1226.62268650624,2,12,FALSE,FALSE,FALSE,NA
1,14,66,18,1672.44178270667,1377.66370102183,2,12,FALSE,FALSE,FALSE,NA
1,14,67,20,1437.89732601754,1964.41409818142,2,12,FALSE,FALSE,FALSE,NA
1,14,68,22,853.213134154936,563.686524224707,2,12,FALSE,FALSE,FALSE,NA
1,14,69,22,915.727508661325,937.317870456528,2,12,FALSE,FALSE,FALSE,NA
1,14,71,24,1849.39347583028,1178.60152434776,1,12,FALSE,FALSE,FALSE,NA
1,14,72,25,1494.22625633415,1727.22775703844,1,12,FALSE,FALSE,FALSE,NA
1,14,73,27,1729.81424550557,2634.59278085091,2,12,FALSE,FALSE,FALSE,NA
1,14,76,32,1101.7634669492,2153.13201908848,2,12,FALSE,FALSE,FALSE,NA
1,14,78,4,1171.56064618426,1354.3170099006,2,13,FALSE,FALSE,FALSE,NA
1,14,79,5,1379.69508046497,1460.62657720698,2,13,FALSE,FALSE,FALSE,NA
1,14,81,9,1551.32983896143,1385.44242645566,2,13,FALSE,FALSE,FALSE,NA
1,14,83,9,1671.96759243277,2096.3579848811,2,13,FALSE,FALSE,FALSE,NA
1,14,85,16,1529.95506706946,1466.85045789081,2,13,FALSE,FALSE,FALSE,NA
1,14,86,18,1026.60873746675,560.122258780975,2,13,FALSE,FALSE,FALSE,NA
1,14,87,19,1467.44032320363,1979.78901570165,2,13,FALSE,FALSE,FALSE,NA
1,14,88,22,1321.75923871798,892.192064548042,2,13,FALSE,FALSE,FALSE,NA
1,14,89,22,915.82097044503,883.019559170968,2,13,FALSE,FALSE,FALSE,NA
1,14,90,22,1676.76427550897,206.903425640166,2,13,FALSE,FALSE,FALSE,NA
1,14,91,23,1580.07732092228,1404.62700473401,2,13,FALSE,FALSE,FALSE,NA
1,14,92,23,1657.61304583093,1102.02157745498,1,13,FALSE,FALSE,FALSE,NA
1,14,94,24,943.931055860218,1430.05049240696,2,13,FALSE,FALSE,FALSE,NA
1,14,95,27,1323.53437660028,1478.36993683683,1,13,FALSE,FALSE,FALSE,NA
1,14,96,28,1347.00802781266,1455.59460988719,1,13,FALSE,FALSE,FALSE,NA
1,14,97,31,1044.68316135355,1509.70608657041,2,13,FALSE,FALSE,FALSE,NA
1,14,99,32,837.131168369211,1476.65856812934,1,13,FALSE,FALSE,FALSE,NA
1,14,100,33,1289.95063221904,1500.44364836461,1,13,FALSE,FALSE,FALSE,NA
1,14,102,34,956.536883502261,1810.49115863333,2,13,FALSE,FALSE,FALSE,NA
1,14,104,34,1135.93076083905,1509.8025972989,1,13,FALSE,FALSE,FALSE,NA
1,14,105,35,2548.2536986418,399.079351229985,2,13,FALSE,FALSE,FALSE,NA
1,14,106,35,915.509759240275,595.34713314864,2,13,FALSE,FALSE,FALSE,NA
1,14,108,39,1147.2418055848,1786.0938399335,2,13,FALSE,FALSE,FALSE,NA
1,14,109,39,1646.22363769004,1767.43198509953,2,13,FALSE,FALSE,FALSE,NA
1,14,110,40,1249.64771368315,2029.07532836914,2,13,FALSE,FALSE,FALSE,NA
1,14,111,42,845.133208262229,2700.53905721739,1,13,FALSE,FALSE,FALSE,NA
1,14,112,42,1187.37310880514,2603.81248312204,2,13,FALSE,FALSE,FALSE,NA
1,14,113,42,1112.87650501927,1943.27051274184,1,13,FALSE,FALSE,FALSE,NA
1,14,115,43,940.365013496164,1255.7597438093,2,13,FALSE,FALSE,FALSE,NA
1,14,116,45,973.64339615728,1204.47954532719,2,13,FALSE,FALSE,FALSE,NA
1,14,117,48,1128.36302296778,1490.20933457796,1,13,FALSE,FALSE,FALSE,NA
1,14,118,49,632.493686615881,2133.03852812319,2,13,FALSE,FALSE,FALSE,NA
1,14,119,54,2322.81203781421,888.477104607924,2,13,FALSE,FALSE,FALSE,NA
1,14,120,54,1747.84970972334,688.328554239502,1,13,FALSE,FALSE,FALSE,NA
1,14,121,55,1785.01265066017,1185.95331042504,2,13,FALSE,FALSE,FALSE,NA
1,14,122,55,1947.94947444029,1210.83682186025,1,13,FALSE,FALSE,FALSE,NA
1,14,123,4,1336.73176144343,1750.24842577759,1,14,FALSE,FALSE,FALSE,NA
1,14,124,14,1296.84760729195,1429.41641252756,1,14,FALSE,FALSE,FALSE,NA
1,14,125,17,1644.80313977775,1503.48143277583,1,14,FALSE,FALSE,FALSE,NA
1,14,126,19,1329.81693425817,1272.62383035963,1,14,FALSE,FALSE,FALSE,NA
1,14,127,19,1519.5680035069,1472.01570629291,1,14,FALSE,FALSE,FALSE,NA
1,14,128,19,1367.39491882914,1553.28912542242,1,14,FALSE,FALSE,FALSE,NA
1,14,129,20,991.400431398025,1964.59233252954,1,14,FALSE,FALSE,FALSE,NA
1,14,130,22,306.050957706108,327.837065269502,1,14,FALSE,FALSE,FALSE,NA
1,14,131,22,766.36348326026,537.531839539197,1,14,FALSE,FALSE,FALSE,NA
1,14,132,23,1516.82609840401,1229.96084151264,1,14,FALSE,FALSE,FALSE,NA
1,14,133,27,1613.63873055785,1915.75397977479,1,14,FALSE,FALSE,FALSE,NA
1,14,134,31,1103.33109328618,1611.85865511152,1,14,FALSE,FALSE,FALSE,NA
1,14,135,31,1246.03097309622,1482.18411440068,1,14,FALSE,FALSE,FALSE,NA
1,14,136,31,1383.09662540341,1622.44041738842,1,14,FALSE,FALSE,FALSE,NA
1,14,137,33,1260.30828573472,1495.92003312541,1,14,FALSE,FALSE,FALSE,NA
1,14,138,34,1300.0226100044,1924.57105026406,1,14,FALSE,FALSE,FALSE,NA
1,14,139,34,712.767016799308,1545.51127728015,1,14,FALSE,FALSE,FALSE,NA
1,14,140,34,927.594022782413,1781.57785782879,1,14,FALSE,FALSE,FALSE,NA
1,14,141,39,1035.91548099268,1654.44412504145,1,14,FALSE,FALSE,FALSE,NA
1,14,142,39,1408.34340566367,1669.34357033788,1,14,FALSE,FALSE,FALSE,NA
1,14,143,40,1273.58560963166,1937.28322480148,1,14,FALSE,FALSE,FALSE,NA
1,14,144,45,1088.69051491426,1216.20652002148,1,14,FALSE,FALSE,FALSE,NA
1,14,145,47,1746.70912355373,949.343923907802,1,14,FALSE,FALSE,FALSE,NA
1,14,146,48,1246.05100176862,1122.13781021746,1,14,FALSE,FALSE,FALSE,NA
1,14,147,55,1670.30206134501,1105.15461471683,1,14,FALSE,FALSE,FALSE,NA
1,14,148,56,1590.69345737443,1877.27803567197,1,14,FALSE,FALSE,FALSE,NA
1,14,149,57,1613.06943266443,1714.83734547507,1,14,FALSE,FALSE,FALSE,NA
1,14,150,57,1619.39885890394,1350.51629462087,1,14,FALSE,FALSE,FALSE,NA
1,14,151,60,1639.10734711756,649.997773815774,1,14,FALSE,FALSE,FALSE,NA
1,14,152,64,1016.0747253431,1667.67062983654,1,14,FALSE,FALSE,FALSE,NA
1,14,153,66,1579.76270059212,1416.87229687732,1,14,FALSE,FALSE,FALSE,NA
1,14,154,66,1447.63079970825,1580.32417343759,1,14,FALSE,FALSE,FALSE,NA
1,14,155,66,1043.93506991577,1566.14501447844,1,14,FALSE,FALSE,FALSE,NA
1,14,156,68,1148.14915212341,658.462212429962,1,14,FALSE,FALSE,FALSE,NA
1,14,157,73,447.283176602599,2488.86040115648,1,14,FALSE,FALSE,FALSE,NA
1,14,158,76,1098.01935303994,2142.16680603442,1,14,FALSE,FALSE,FALSE,NA
1,14,159,76,1054.71818212393,1901.81887516849,1,14,FALSE,FALSE,FALSE,NA
1,15,4,1,1474.25620741753,1516.39056316706,2,2,FALSE,FALSE,FALSE,NA
1,15,13,4,1433.50117644731,1748.94270948081,2,8,FALSE,FALSE,FALSE,NA
1,15,14,5,1329.87624723156,1488.47337762524,2,8,FALSE,FALSE,FALSE,NA
1,15,17,5,1589.12725087032,1494.74703179027,2,9,FALSE,FALSE,FALSE,NA
1,15,19,5,1540.24026513888,1459.58941649654,2,9,FALSE,FALSE,FALSE,NA
1,15,20,7,1335.95661400001,1901.85688895907,2,9,FALSE,FALSE,FALSE,NA
1,15,22,9,769.761206551756,776.365576737845,2,9,FALSE,FALSE,FALSE,NA
1,15,23,9,1506.55706017366,1234.37453867278,2,9,FALSE,FALSE,FALSE,NA
1,15,27,9,1562.29359134906,1812.09677157641,2,10,FALSE,FALSE,FALSE,NA
1,15,28,11,1345.75067272737,1461.59030285179,2,10,FALSE,FALSE,FALSE,NA
1,15,31,15,1175.60763360288,1633.56068106508,2,10,FALSE,FALSE,FALSE,NA
1,15,33,15,1294.4151803067,1503.45629184798,2,10,FALSE,FALSE,FALSE,NA
1,15,34,15,940.138917545973,1788.54211326201,2,10,FALSE,FALSE,FALSE,NA
1,15,37,13,1345.09795763862,1827.46727956272,2,11,FALSE,FALSE,FALSE,NA
1,15,38,13,1411.40616025012,1573.28321745224,2,11,FALSE,FALSE,FALSE,NA
1,15,39,13,1396.19986844687,1652.8641633748,2,11,FALSE,FALSE,FALSE,NA
1,15,45,16,1086.75765330928,1361.51444860359,2,11,FALSE,FALSE,FALSE,NA
1,15,46,18,1111.8350106552,807.92980630979,2,11,FALSE,FALSE,FALSE,NA
1,15,47,18,1537.60498112721,1106.94418127279,2,11,FALSE,FALSE,FALSE,NA
1,15,48,18,1214.45104694875,1151.3887811038,2,11,FALSE,FALSE,FALSE,NA
1,15,49,18,1508.13272980284,1342.24573396543,2,11,FALSE,FALSE,FALSE,NA
1,15,52,21,2033.19475508759,1719.41795319324,2,11,FALSE,FALSE,FALSE,NA
1,15,56,4,1932.75509498749,1942.47829024952,2,12,FALSE,FALSE,FALSE,NA
1,15,59,4,1879.37930954548,1230.34478069295,2,12,FALSE,FALSE,FALSE,NA
1,15,61,9,1780.39200236503,1431.65931847406,2,12,FALSE,FALSE,FALSE,NA
1,15,62,14,1681.31270998304,990.796628643303,2,12,FALSE,FALSE,FALSE,NA
1,15,63,14,1315.16879508039,1499.4801214157,2,12,FALSE,FALSE,FALSE,NA
1,15,64,16,1023.00820888406,1485.40060389113,2,12,FALSE,FALSE,FALSE,NA
1,15,65,18,1547.80795260562,1226.62268650624,2,12,FALSE,FALSE,FALSE,NA
1,15,66,18,1672.44178270667,1377.66370102183,2,12,FALSE,FALSE,FALSE,NA
1,15,68,22,853.213134154936,563.686524224707,2,12,FALSE,FALSE,FALSE,NA
1,15,69,22,915.727508661325,937.317870456528,2,12,FALSE,FALSE,FALSE,NA
1,15,71,24,1776.21758192293,1306.70037006448,2,12,FALSE,FALSE,FALSE,NA
1,15,72,25,1380.94978737322,1834.96879913884,2,12,FALSE,FALSE,FALSE,NA
1,15,73,27,1729.81424550557,2634.59278085091,2,12,FALSE,FALSE,FALSE,NA
1,15,76,32,1101.7634669492,2153.13201908848,2,12,FALSE,FALSE,FALSE,NA
1,15,78,4,1171.56064618426,1354.3170099006,2,13,FALSE,FALSE,FALSE,NA
1,15,79,5,1379.69508046497,1460.62657720698,2,13,FALSE,FALSE,FALSE,NA
1,15,81,9,1551.32983896143,1385.44242645566,2,13,FALSE,FALSE,FALSE,NA
1,15,83,9,1671.96759243277,2096.3579848811,2,13,FALSE,FALSE,FALSE,NA
1,15,85,16,1529.95506706946,1466.85045789081,2,13,FALSE,FALSE,FALSE,NA
1,15,86,18,1026.60873746675,560.122258780975,2,13,FALSE,FALSE,FALSE,NA
1,15,87,19,1467.44032320363,1979.78901570165,2,13,FALSE,FALSE,FALSE,NA
1,15,88,22,1321.75923871798,892.192064548042,2,13,FALSE,FALSE,FALSE,NA
1,15,89,22,915.82097044503,883.019559170968,2,13,FALSE,FALSE,FALSE,NA
1,15,90,22,1676.76427550897,206.903425640166,2,13,FALSE,FALSE,FALSE,NA
1,15,91,23,1580.07732092228,1404.62700473401,2,13,FALSE,FALSE,FALSE,NA
1,15,92,23,1657.61304583093,1102.02157745498,1,13,FALSE,FALSE,FALSE,NA
1,15,94,24,943.931055860218,1430.05049240696,2,13,FALSE,FALSE,FALSE,NA
1,15,95,27,1323.53437660028,1478.36993683683,1,13,FALSE,FALSE,FALSE,NA
1,15,96,28,1347.00802781266,1455.59460988719,1,13,FALSE,FALSE,FALSE,NA
1,15,97,31,1044.68316135355,1509.70608657041,2,13,FALSE,FALSE,FALSE,NA
1,15,99,32,768.826736313702,1514.54582298442,2,13,FALSE,FALSE,FALSE,NA
1,15,100,33,1373.48746450983,1567.39944832271,2,13,FALSE,FALSE,FALSE,NA
1,15,102,34,956.536883502261,1810.49115863333,2,13,FALSE,FALSE,FALSE,NA
1,15,104,34,1126.92510343113,1522.17359100759,2,13,FALSE,FALSE,FALSE,NA
1,15,105,35,2548.2536986418,399.079351229985,2,13,FALSE,FALSE,FALSE,NA
1,15,106,35,915.509759240275,595.34713314864,2,13,FALSE,FALSE,FALSE,NA
1,15,109,39,1646.22363769004,1767.43198509953,2,13,FALSE,FALSE,FALSE,NA
1,15,111,42,836.548646493521,2688.60156018011,2,13,FALSE,FALSE,FALSE,NA
1,15,112,42,1187.37310880514,2603.81248312204,2,13,FALSE,FALSE,FALSE,NA
1,15,115,43,940.365013496164,1255.7597438093,2,13,FALSE,FALSE,FALSE,NA
1,15,116,45,973.64339615728,1204.47954532719,2,13,FALSE,FALSE,FALSE,NA
1,15,117,48,1322.08069711658,1595.43992059224,2,13,FALSE,FALSE,FALSE,NA
1,15,118,49,632.493686615881,2133.03852812319,2,13,FALSE,FALSE,FALSE,NA
1,15,119,54,2322.81203781421,888.477104607924,2,13,FALSE,FALSE,FALSE,NA
1,15,120,54,1741.36337835099,600.391601980224,2,13,FALSE,FALSE,FALSE,NA
1,15,121,55,1785.01265066017,1185.95331042504,2,13,FALSE,FALSE,FALSE,NA
1,15,122,55,1947.16299749612,1206.59764840528,2,13,FALSE,FALSE,FALSE,NA
1,15,124,14,1320.65656967891,1420.20067226929,2,14,FALSE,FALSE,FALSE,NA
1,15,126,19,1342.93790880989,1200.52138300616,2,14,FALSE,FALSE,FALSE,NA
1,15,127,19,1448.14726949196,1463.20975610532,2,14,FALSE,FALSE,FALSE,NA
1,15,128,19,1342.38850728123,1546.45223427676,2,14,FALSE,FALSE,FALSE,NA
1,15,129,20,1105.38258202398,1932.14129569387,2,14,FALSE,FALSE,FALSE,NA
1,15,130,22,493.542424648193,312.293651425847,2,14,FALSE,FALSE,FALSE,NA
1,15,131,22,766.36348326026,537.531839539197,1,14,FALSE,FALSE,FALSE,NA
1,15,132,23,1479.4865860466,1197.39480158027,2,14,FALSE,FALSE,FALSE,NA
1,15,133,27,1627.13785741654,1889.93994120346,2,14,FALSE,FALSE,FALSE,NA
1,15,134,31,1236.30850733636,1510.04024044095,2,14,FALSE,FALSE,FALSE,NA
1,15,136,31,1383.09662540341,1622.44041738842,1,14,FALSE,FALSE,FALSE,NA
1,15,137,33,1151.20912948695,1449.15328583392,2,14,FALSE,FALSE,FALSE,NA
1,15,138,34,1300.0226100044,1924.57105026406,1,14,FALSE,FALSE,FALSE,NA
1,15,140,34,1010.64703804323,1789.24635661244,2,14,FALSE,FALSE,FALSE,NA
1,15,141,39,1159.22538248193,2111.94051046201,2,14,FALSE,FALSE,FALSE,NA
1,15,142,39,1408.34340566367,1669.34357033788,1,14,FALSE,FALSE,FALSE,NA
1,15,143,40,1322.22802600262,1934.88275727913,2,14,FALSE,FALSE,FALSE,NA
1,15,145,47,1746.70912355373,949.343923907802,1,14,FALSE,FALSE,FALSE,NA
1,15,146,48,1262.41943386739,1115.68569434269,2,14,FALSE,FALSE,FALSE,NA
1,15,147,55,1700.46407693421,1335.84874229101,2,14,FALSE,FALSE,FALSE,NA
1,15,149,57,1661.9528767426,1703.46031851602,2,14,FALSE,FALSE,FALSE,NA
1,15,150,57,1649.73900046977,1386.28066330741,2,14,FALSE,FALSE,FALSE,NA
1,15,151,60,1639.10734711756,649.997773815774,1,14,FALSE,FALSE,FALSE,NA
1,15,152,64,1028.46970214281,1662.42456233079,2,14,FALSE,FALSE,FALSE,NA
1,15,153,66,1580.30334195449,1418.92103685297,2,14,FALSE,FALSE,FALSE,NA
1,15,154,66,1501.55092085655,1543.96360549878,2,14,FALSE,FALSE,FALSE,NA
1,15,155,66,1056.19845019206,1567.60509037816,2,14,FALSE,FALSE,FALSE,NA
1,15,156,68,1182.71146856571,637.414345880308,2,14,FALSE,FALSE,FALSE,NA
1,15,157,73,447.283176602599,2488.86040115648,1,14,FALSE,FALSE,FALSE,NA
1,15,158,76,1034.51983038022,2169.87941234354,2,14,FALSE,FALSE,FALSE,NA
1,15,159,76,1176.17983378252,1995.44652990595,2,14,FALSE,FALSE,FALSE,NA
1,15,160,4,1539.70139652912,1642.66811661349,1,15,FALSE,FALSE,FALSE,NA
1,15,161,4,1075.41394105183,1671.19513463933,1,15,FALSE,FALSE,FALSE,NA
1,15,162,4,1435.85143807823,1589.78211829721,1,15,FALSE,FALSE,FALSE,NA
1,15,163,4,1976.98820286272,1847.76946382917,1,15,FALSE,FALSE,FALSE,NA
1,15,164,4,1525.44493456722,1386.50450628129,1,15,FALSE,FALSE,FALSE,NA
1,15,165,13,1147.71459514501,1734.97597851173,1,15,FALSE,FALSE,FALSE,NA
1,15,166,14,1316.5318724342,1438.03979411507,1,15,FALSE,FALSE,FALSE,NA
1,15,167,14,1492.75751169924,1168.30877509113,1,15,FALSE,FALSE,FALSE,NA
1,15,168,19,1401.99271580181,1389.999370971,1,15,FALSE,FALSE,FALSE,NA
1,15,169,20,1093.84628659466,1686.59256156736,1,15,FALSE,FALSE,FALSE,NA
1,15,170,22,650.908575403658,697.76466212567,1,15,FALSE,FALSE,FALSE,NA
1,15,171,23,1565.65826006991,1459.64933349153,1,15,FALSE,FALSE,FALSE,NA
1,15,172,27,1780.87338551102,1648.85575988233,1,15,FALSE,FALSE,FALSE,NA
1,15,173,28,2074.73693602444,1077.4925484658,1,15,FALSE,FALSE,FALSE,NA
1,15,174,31,1262.5500569236,1469.58412431132,1,15,FALSE,FALSE,FALSE,NA
1,15,175,33,1644.93893005487,1227.40672976255,1,15,FALSE,FALSE,FALSE,NA
1,15,176,39,1407.71375870819,1708.31705364061,1,15,FALSE,FALSE,FALSE,NA
1,15,177,39,1375.42298594568,1697.88154372822,1,15,FALSE,FALSE,FALSE,NA
1,15,178,45,1092.99190519629,1235.89539575745,1,15,FALSE,FALSE,FALSE,NA
1,15,179,45,1099.09444782997,1317.43539496591,1,15,FALSE,FALSE,FALSE,NA
1,15,180,46,1107.58607536458,818.343629356,1,15,FALSE,FALSE,FALSE,NA
1,15,181,48,1225.63840602994,1151.60535890064,1,15,FALSE,FALSE,FALSE,NA
1,15,182,48,1111.04001166815,841.745633838837,1,15,FALSE,FALSE,FALSE,NA
1,15,183,48,1293.35457117733,1189.67688976985,1,15,FALSE,FALSE,FALSE,NA
1,15,184,49,1368.04035210523,1565.96769606813,1,15,FALSE,FALSE,FALSE,NA
1,15,185,52,2209.64921084636,1367.51511540806,1,15,FALSE,FALSE,FALSE,NA
1,15,186,55,1672.89902159125,1169.14455200391,1,15,FALSE,FALSE,FALSE,NA
1,15,187,55,1911.01042335345,1229.92013827645,1,15,FALSE,FALSE,FALSE,NA
1,15,188,60,1509.9270850307,1349.00246601871,1,15,FALSE,FALSE,FALSE,NA
1,15,189,62,1825.15903174097,893.54621410036,1,15,FALSE,FALSE,FALSE,NA
1,15,190,63,1367.44555234195,1327.34998215314,1,15,FALSE,FALSE,FALSE,NA
1,15,191,63,1355.44271199635,1127.50419496086,1,15,FALSE,FALSE,FALSE,NA
1,15,192,64,1138.68200297071,1588.67625527633,1,15,FALSE,FALSE,FALSE,NA
1,15,193,64,721.811804910241,1702.98945208271,1,15,FALSE,FALSE,FALSE,NA
1,15,194,65,1619.15435416906,1211.09577590644,1,15,FALSE,FALSE,FALSE,NA
1,15,195,66,1399.19146681084,1566.88969953685,1,15,FALSE,FALSE,FALSE,NA
1,15,196,67,1463.2008205817,1970.14565209499,1,15,FALSE,FALSE,FALSE,NA
1,15,197,68,952.061463380436,321.173102540714,1,15,FALSE,FALSE,FALSE,NA
1,15,198,73,1169.43064288607,2966.33443291768,1,15,FALSE,FALSE,FALSE,NA
1,15,199,76,1077.63319758099,2089.20349829207,1,15,FALSE,FALSE,FALSE,NA
1,15,200,76,1146.84709834241,2113.47503304494,1,15,FALSE,FALSE,FALSE,NA
1,15,201,79,1238.31759418905,1294.75025538314,1,15,FALSE,FALSE,FALSE,NA
1,15,202,79,1373.33131222599,1398.54337304808,1,15,FALSE,FALSE,FALSE,NA
1,15,203,81,1237.86241212023,1072.86115688924,1,15,FALSE,FALSE,FALSE,NA
1,15,204,81,1577.05461052427,1408.02455422745,1,15,FALSE,FALSE,FALSE,NA
1,15,205,83,1686.67665068472,2169.15709790399,1,15,FALSE,FALSE,FALSE,NA
1,15,206,83,1831.23196349845,2265.03160682228,1,15,FALSE,FALSE,FALSE,NA
1,15,207,86,1026.7166326979,573.779881307729,1,15,FALSE,FALSE,FALSE,NA
1,15,208,86,1040.19847640983,793.585174757975,1,15,FALSE,FALSE,FALSE,NA
1,15,209,87,1637.99738093609,1831.47961919554,1,15,FALSE,FALSE,FALSE,NA
1,15,210,87,1375.57686583091,2062.81866107978,1,15,FALSE,FALSE,FALSE,NA
1,15,211,87,1433.26225204566,1975.10407061011,1,15,FALSE,FALSE,FALSE,NA
1,15,212,88,1380.09941402762,977.403750990312,1,15,FALSE,FALSE,FALSE,NA
1,15,213,90,1683.12241382044,200.421940135572,1,15,FALSE,FALSE,FALSE,NA
1,15,214,91,1619.79541149906,1431.67913116103,1,15,FALSE,FALSE,FALSE,NA
1,15,215,94,545.436369729178,1688.88043711022,1,15,FALSE,FALSE,FALSE,NA
1,15,216,94,962.294705299551,1469.50131953122,1,15,FALSE,FALSE,FALSE,NA
1,15,217,105,2533.28093031037,401.886590598727,1,15,FALSE,FALSE,FALSE,NA
1,15,218,105,2843.67870704129,307.589682041611,1,15,FALSE,FALSE,FALSE,NA
1,15,219,109,1712.11888909485,1655.29590261296,1,15,FALSE,FALSE,FALSE,NA
1,15,220,110,1257.67652888561,2016.75777519218,1,15,FALSE,FALSE,FALSE,NA
1,15,221,110,1031.66466338518,2070.60017361635,1,15,FALSE,FALSE,FALSE,NA
1,15,222,110,769.085820968444,1748.61220803667,1,15,FALSE,FALSE,FALSE,NA
1,15,223,112,1157.73672185779,2711.79437357784,1,15,FALSE,FALSE,FALSE,NA
1,15,224,115,1179.87196298036,1259.51058725444,1,15,FALSE,FALSE,FALSE,NA
1,15,225,115,594.441690626462,515.593286117675,1,15,FALSE,FALSE,FALSE,NA
1,15,226,116,1342.17515966344,1475.40469794062,1,15,FALSE,FALSE,FALSE,NA
1,15,227,119,2431.71501936466,919.198829882145,1,15,FALSE,FALSE,FALSE,NA
1,15,228,121,1833.76292185434,1279.04739879657,1,15,FALSE,FALSE,FALSE,NA
1,15,229,121,2012.47828895761,1062.97468506388,1,15,FALSE,FALSE,FALSE,NA
1,15,230,121,1993.10579108974,1063.92135476185,1,15,FALSE,FALSE,FALSE,NA
1,15,231,121,1819.21698446393,1315.88582871904,1,15,FALSE,FALSE,FALSE,NA
1,16,4,1,1474.25620741753,1516.39056316706,2,2,FALSE,FALSE,FALSE,NA
1,16,13,4,1433.50117644731,1748.94270948081,2,8,FALSE,FALSE,FALSE,NA
1,16,14,5,1329.87624723156,1488.47337762524,2,8,FALSE,FALSE,FALSE,NA
1,16,17,5,1589.12725087032,1494.74703179027,2,9,FALSE,FALSE,FALSE,NA
1,16,19,5,1540.24026513888,1459.58941649654,2,9,FALSE,FALSE,FALSE,NA
1,16,22,9,769.761206551756,776.365576737845,2,9,FALSE,FALSE,FALSE,NA
1,16,23,9,1506.55706017366,1234.37453867278,2,9,FALSE,FALSE,FALSE,NA
1,16,27,9,1562.29359134906,1812.09677157641,2,10,FALSE,FALSE,FALSE,NA
1,16,37,13,1345.09795763862,1827.46727956272,2,11,FALSE,FALSE,FALSE,NA
1,16,38,13,1411.40616025012,1573.28321745224,2,11,FALSE,FALSE,FALSE,NA
1,16,45,16,1086.75765330928,1361.51444860359,2,11,FALSE,FALSE,FALSE,NA
1,16,48,18,1214.45104694875,1151.3887811038,2,11,FALSE,FALSE,FALSE,NA
1,16,49,18,1508.13272980284,1342.24573396543,2,11,FALSE,FALSE,FALSE,NA
1,16,52,21,2033.19475508759,1719.41795319324,2,11,FALSE,FALSE,FALSE,NA
1,16,56,4,1932.75509498749,1942.47829024952,2,12,FALSE,FALSE,FALSE,NA
1,16,59,4,1879.37930954548,1230.34478069295,2,12,FALSE,FALSE,FALSE,NA
1,16,61,9,1780.39200236503,1431.65931847406,2,12,FALSE,FALSE,FALSE,NA
1,16,62,14,1681.31270998304,990.796628643303,2,12,FALSE,FALSE,FALSE,NA
1,16,63,14,1315.16879508039,1499.4801214157,2,12,FALSE,FALSE,FALSE,NA
1,16,64,16,1023.00820888406,1485.40060389113,2,12,FALSE,FALSE,FALSE,NA
1,16,66,18,1672.44178270667,1377.66370102183,2,12,FALSE,FALSE,FALSE,NA
1,16,68,22,853.213134154936,563.686524224707,2,12,FALSE,FALSE,FALSE,NA
1,16,71,24,1776.21758192293,1306.70037006448,2,12,FALSE,FALSE,FALSE,NA
1,16,72,25,1380.94978737322,1834.96879913884,2,12,FALSE,FALSE,FALSE,NA
1,16,73,27,1729.81424550557,2634.59278085091,2,12,FALSE,FALSE,FALSE,NA
1,16,76,32,1101.7634669492,2153.13201908848,2,12,FALSE,FALSE,FALSE,NA
1,16,78,4,1171.56064618426,1354.3170099006,2,13,FALSE,FALSE,FALSE,NA
1,16,79,5,1379.69508046497,1460.62657720698,2,13,FALSE,FALSE,FALSE,NA
1,16,81,9,1551.32983896143,1385.44242645566,2,13,FALSE,FALSE,FALSE,NA
1,16,83,9,1671.96759243277,2096.3579848811,2,13,FALSE,FALSE,FALSE,NA
1,16,85,16,1529.95506706946,1466.85045789081,2,13,FALSE,FALSE,FALSE,NA
1,16,87,19,1467.44032320363,1979.78901570165,2,13,FALSE,FALSE,FALSE,NA
1,16,88,22,1321.75923871798,892.192064548042,2,13,FALSE,FALSE,FALSE,NA
1,16,89,22,915.82097044503,883.019559170968,2,13,FALSE,FALSE,FALSE,NA
1,16,90,22,1676.76427550897,206.903425640166,2,13,FALSE,FALSE,FALSE,NA
1,16,91,23,1580.07732092228,1404.62700473401,2,13,FALSE,FALSE,FALSE,NA
1,16,92,23,1689.43680805664,1124.09501806329,2,13,FALSE,FALSE,FALSE,NA
1,16,95,27,1240.31794873143,1430.62194002835,2,13,FALSE,FALSE,FALSE,NA
1,16,96,28,1332.2033094483,1398.09992536942,2,13,FALSE,FALSE,FALSE,NA
1,16,97,31,1044.68316135355,1509.70608657041,2,13,FALSE,FALSE,FALSE,NA
1,16,99,32,768.826736313702,1514.54582298442,2,13,FALSE,FALSE,FALSE,NA
1,16,100,33,1373.48746450983,1567.39944832271,2,13,FALSE,FALSE,FALSE,NA
1,16,102,34,956.536883502261,1810.49115863333,2,13,FALSE,FALSE,FALSE,NA
1,16,104,34,1126.92510343113,1522.17359100759,2,13,FALSE,FALSE,FALSE,NA
1,16,105,35,2548.2536986418,399.079351229985,2,13,FALSE,FALSE,FALSE,NA
1,16,109,39,1646.22363769004,1767.43198509953,2,13,FALSE,FALSE,FALSE,NA
1,16,111,42,836.548646493521,2688.60156018011,2,13,FALSE,FALSE,FALSE,NA
1,16,112,42,1187.37310880514,2603.81248312204,2,13,FALSE,FALSE,FALSE,NA
1,16,115,43,940.365013496164,1255.7597438093,2,13,FALSE,FALSE,FALSE,NA
1,16,116,45,973.64339615728,1204.47954532719,2,13,FALSE,FALSE,FALSE,NA
1,16,117,48,1322.08069711658,1595.43992059224,2,13,FALSE,FALSE,FALSE,NA
1,16,118,49,632.493686615881,2133.03852812319,2,13,FALSE,FALSE,FALSE,NA
1,16,119,54,2322.81203781421,888.477104607924,2,13,FALSE,FALSE,FALSE,NA
1,16,120,54,1741.36337835099,600.391601980224,2,13,FALSE,FALSE,FALSE,NA
1,16,121,55,1785.01265066017,1185.95331042504,2,13,FALSE,FALSE,FALSE,NA
1,16,124,14,1320.65656967891,1420.20067226929,2,14,FALSE,FALSE,FALSE,NA
1,16,126,19,1342.93790880989,1200.52138300616,2,14,FALSE,FALSE,FALSE,NA
1,16,127,19,1448.14726949196,1463.20975610532,2,14,FALSE,FALSE,FALSE,NA
1,16,128,19,1342.38850728123,1546.45223427676,2,14,FALSE,FALSE,FALSE,NA
1,16,130,22,493.542424648193,312.293651425847,2,14,FALSE,FALSE,FALSE,NA
1,16,131,22,824.235636748671,487.659024885094,2,14,FALSE,FALSE,FALSE,NA
1,16,133,27,1627.13785741654,1889.93994120346,2,14,FALSE,FALSE,FALSE,NA
1,16,134,31,1236.30850733636,1510.04024044095,2,14,FALSE,FALSE,FALSE,NA
1,16,136,31,1383.09662540341,1622.44041738842,1,14,FALSE,FALSE,FALSE,NA
1,16,137,33,1151.20912948695,1449.15328583392,2,14,FALSE,FALSE,FALSE,NA
1,16,138,34,1299.11904346011,1925.58073649202,2,14,FALSE,FALSE,FALSE,NA
1,16,140,34,1010.64703804323,1789.24635661244,2,14,FALSE,FALSE,FALSE,NA
1,16,141,39,1159.22538248193,2111.94051046201,2,14,FALSE,FALSE,FALSE,NA
1,16,142,39,1531.56766077519,1644.99516467116,2,14,FALSE,FALSE,FALSE,NA
1,16,143,40,1322.22802600262,1934.88275727913,2,14,FALSE,FALSE,FALSE,NA
1,16,145,47,1745.84879157184,906.05822594244,2,14,FALSE,FALSE,FALSE,NA
1,16,146,48,1262.41943386739,1115.68569434269,2,14,FALSE,FALSE,FALSE,NA
1,16,147,55,1700.46407693421,1335.84874229101,2,14,FALSE,FALSE,FALSE,NA
1,16,151,60,1581.11670119362,712.225873016081,2,14,FALSE,FALSE,FALSE,NA
1,16,154,66,1501.55092085655,1543.96360549878,2,14,FALSE,FALSE,FALSE,NA
1,16,155,66,1056.19845019206,1567.60509037816,2,14,FALSE,FALSE,FALSE,NA
1,16,156,68,1182.71146856571,637.414345880308,2,14,FALSE,FALSE,FALSE,NA
1,16,157,73,447.283176602599,2488.86040115648,1,14,FALSE,FALSE,FALSE,NA
1,16,158,76,1034.51983038022,2169.87941234354,2,14,FALSE,FALSE,FALSE,NA
1,16,159,76,1176.17983378252,1995.44652990595,2,14,FALSE,FALSE,FALSE,NA
1,16,161,4,1213.39397020138,1734.37306220279,2,15,FALSE,FALSE,FALSE,NA
1,16,162,4,1309.77702023843,1656.89053946524,2,15,FALSE,FALSE,FALSE,NA
1,16,163,4,1976.98820286272,1847.76946382917,1,15,FALSE,FALSE,FALSE,NA
1,16,164,4,1629.00896365573,1468.50125995091,2,15,FALSE,FALSE,FALSE,NA
1,16,165,13,1149.46720445072,1732.30539234116,2,15,FALSE,FALSE,FALSE,NA
1,16,166,14,1370.17979973161,1464.35710855514,2,15,FALSE,FALSE,FALSE,NA
1,16,167,14,1492.97782090064,1218.19562834615,2,15,FALSE,FALSE,FALSE,NA
1,16,168,19,1384.03842334823,1360.79517168081,2,15,FALSE,FALSE,FALSE,NA
1,16,169,20,1093.84628659466,1686.59256156736,1,15,FALSE,FALSE,FALSE,NA
1,16,170,22,530.890647321497,682.451741599696,2,15,FALSE,FALSE,FALSE,NA
1,16,171,23,1565.65826006991,1459.64933349153,1,15,FALSE,FALSE,FALSE,NA
1,16,172,27,1780.87338551102,1648.85575988233,1,15,FALSE,FALSE,FALSE,NA
1,16,173,28,2074.73693602444,1077.4925484658,1,15,FALSE,FALSE,FALSE,NA
1,16,174,31,1262.5500569236,1469.58412431132,1,15,FALSE,FALSE,FALSE,NA
1,16,175,33,1709.70657457608,1180.26087969549,2,15,FALSE,FALSE,FALSE,NA
1,16,176,39,1400.1982115349,1720.83251345818,2,15,FALSE,FALSE,FALSE,NA
1,16,177,39,1375.42298594568,1697.88154372822,1,15,FALSE,FALSE,FALSE,NA
1,16,178,45,1013.55193309496,1261.86864626122,2,15,FALSE,FALSE,FALSE,NA
1,16,179,45,1087.2991473084,1320.39396740377,2,15,FALSE,FALSE,FALSE,NA
1,16,180,46,1107.58607536458,818.343629356,1,15,FALSE,FALSE,FALSE,NA
1,16,182,48,961.784063300413,837.278328093339,2,15,FALSE,FALSE,FALSE,NA
1,16,183,48,1289.58211827423,1312.78673889913,2,15,FALSE,FALSE,FALSE,NA
1,16,185,52,2209.64921084636,1367.51511540806,1,15,FALSE,FALSE,FALSE,NA
1,16,186,55,1762.04861333081,1193.69552482975,2,15,FALSE,FALSE,FALSE,NA
1,16,187,55,1953.43010988398,1311.40063534407,2,15,FALSE,FALSE,FALSE,NA
1,16,188,60,1448.37446293383,1374.98095044638,2,15,FALSE,FALSE,FALSE,NA
1,16,190,63,1596.16039110091,1327.77200235198,2,15,FALSE,FALSE,FALSE,NA
1,16,191,63,1355.798536487,1098.46750169917,2,15,FALSE,FALSE,FALSE,NA
1,16,193,64,721.811804910241,1702.98945208271,1,15,FALSE,FALSE,FALSE,NA
1,16,194,65,1617.02144500789,1212.34771041876,2,15,FALSE,FALSE,FALSE,NA
1,16,195,66,1372.97046598827,1524.75914552804,2,15,FALSE,FALSE,FALSE,NA
1,16,197,68,1012.79878177317,245.113245791985,2,15,FALSE,FALSE,FALSE,NA
1,16,198,73,1075.07256472937,2978.65001781633,2,15,FALSE,FALSE,FALSE,NA
1,16,202,79,1373.33131222599,1398.54337304808,1,15,FALSE,FALSE,FALSE,NA
1,16,203,81,1295.06071248239,948.431519829821,2,15,FALSE,FALSE,FALSE,NA
1,16,204,81,1499.29782021414,1476.52095203518,2,15,FALSE,FALSE,FALSE,NA
1,16,205,83,1686.67665068472,2169.15709790399,1,15,FALSE,FALSE,FALSE,NA
1,16,207,86,1026.7166326979,573.779881307729,1,15,FALSE,FALSE,FALSE,NA
1,16,208,86,1040.19847640983,793.585174757975,1,15,FALSE,FALSE,FALSE,NA
1,16,209,87,1639.90746408207,1881.94940242008,2,15,FALSE,FALSE,FALSE,NA
1,16,210,87,1283.12502434518,2213.61643874323,2,15,FALSE,FALSE,FALSE,NA
1,16,212,88,1380.09941402762,977.403750990312,1,15,FALSE,FALSE,FALSE,NA
1,16,213,90,1714.3902278764,72.7868486911424,2,15,FALSE,FALSE,FALSE,NA
1,16,214,91,1619.79541149906,1431.67913116103,1,15,FALSE,FALSE,FALSE,NA
1,16,215,94,496.107774385927,1646.15901601299,2,15,FALSE,FALSE,FALSE,NA
1,16,216,94,915.598978134665,1464.60884915546,2,15,FALSE,FALSE,FALSE,NA
1,16,218,105,2845.69678038581,308.554779551043,2,15,FALSE,FALSE,FALSE,NA
1,16,220,110,1260.1678974577,2028.5388761538,2,15,FALSE,FALSE,FALSE,NA
1,16,221,110,1024.62290223331,2097.02441783624,2,15,FALSE,FALSE,FALSE,NA
1,16,222,110,769.085820968444,1748.61220803667,1,15,FALSE,FALSE,FALSE,NA
1,16,223,112,956.005811551307,2884.14816570626,2,15,FALSE,FALSE,FALSE,NA
1,16,224,115,1202.73436493305,1269.38653267212,2,15,FALSE,FALSE,FALSE,NA
1,16,225,115,594.441690626462,515.593286117675,1,15,FALSE,FALSE,FALSE,NA
1,16,226,116,1340.77257178598,1465.32834232645,2,15,FALSE,FALSE,FALSE,NA
1,16,228,121,1833.76292185434,1279.04739879657,1,15,FALSE,FALSE,FALSE,NA
1,16,229,121,2012.47828895761,1062.97468506388,1,15,FALSE,FALSE,FALSE,NA
1,16,230,121,1949.52045033083,986.926136497175,2,15,FALSE,FALSE,FALSE,NA
1,16,231,121,1556.14220720709,1375.80977706374,2,15,FALSE,FALSE,FALSE,NA
1,16,232,17,2104.41883771603,1164.69992256631,1,16,FALSE,FALSE,FALSE,NA
1,16,233,19,1573.35964808087,1415.12888627937,1,16,FALSE,FALSE,FALSE,NA
1,16,234,20,1088.98318901226,1678.8177623392,1,16,FALSE,FALSE,FALSE,NA
1,16,235,20,1387.59056813508,1865.78031856479,1,16,FALSE,FALSE,FALSE,NA
1,16,236,22,755.486460688428,704.984299471088,1,16,FALSE,FALSE,FALSE,NA
1,16,237,23,1180.55314999947,1684.30058496221,1,16,FALSE,FALSE,FALSE,NA
1,16,238,27,1622.89329434988,1978.37190364372,1,16,FALSE,FALSE,FALSE,NA
1,16,239,28,1305.30278437224,1354.26276111686,1,16,FALSE,FALSE,FALSE,NA
1,16,240,31,961.778109346872,1973.93593664077,1,16,FALSE,FALSE,FALSE,NA
1,16,241,33,1273.29369086507,1504.63492695561,1,16,FALSE,FALSE,FALSE,NA
1,16,242,34,844.856765002897,1507.34120070414,1,16,FALSE,FALSE,FALSE,NA
1,16,243,37,1338.25719765042,1657.94347075385,1,16,FALSE,FALSE,FALSE,NA
1,16,244,39,2444.65082269059,1690.54609046446,1,16,FALSE,FALSE,FALSE,NA
1,16,245,39,1433.76647782485,1842.31060657984,1,16,FALSE,FALSE,FALSE,NA
1,16,246,49,1627.31746390239,1011.60737027638,1,16,FALSE,FALSE,FALSE,NA
1,16,247,49,1271.09629041756,1507.65870605951,1,16,FALSE,FALSE,FALSE,NA
1,16,248,49,1487.53696614351,1399.17866291457,1,16,FALSE,FALSE,FALSE,NA
1,16,249,56,1981.36567328067,2092.4166096414,1,16,FALSE,FALSE,FALSE,NA
1,16,250,59,1725.05305751537,994.680937226417,1,16,FALSE,FALSE,FALSE,NA
1,16,251,59,1778.25649441984,1158.69991381839,1,16,FALSE,FALSE,FALSE,NA
1,16,252,61,1738.04120101646,1462.16365109782,1,16,FALSE,FALSE,FALSE,NA
1,16,253,62,1705.43648438823,1386.69613736395,1,16,FALSE,FALSE,FALSE,NA
1,16,254,62,1768.58770246405,1305.03412490801,1,16,FALSE,FALSE,FALSE,NA
1,16,255,64,979.368369751197,1510.5450974107,1,16,FALSE,FALSE,FALSE,NA
1,16,256,65,1461.23393456952,1163.79554692967,1,16,FALSE,FALSE,FALSE,NA
1,16,257,66,1642.91827151088,1806.01076745738,1,16,FALSE,FALSE,FALSE,NA
1,16,258,66,1574.98565515675,1343.77839224695,1,16,FALSE,FALSE,FALSE,NA
1,16,259,66,1488.02319053755,1481.2531927101,1,16,FALSE,FALSE,FALSE,NA
1,16,260,68,824.108161267711,1072.63095222917,1,16,FALSE,FALSE,FALSE,NA
1,16,261,68,700.696500291766,435.003800867073,1,16,FALSE,FALSE,FALSE,NA
1,16,262,69,1044.76495256297,846.786372313882,1,16,FALSE,FALSE,FALSE,NA
1,16,263,71,1762.43601804642,1346.93925462555,1,16,FALSE,FALSE,FALSE,NA
1,16,264,71,1810.74102543995,1299.27929071925,1,16,FALSE,FALSE,FALSE,NA
1,16,265,71,1779.19404887474,1132.06600466006,1,16,FALSE,FALSE,FALSE,NA
1,16,266,72,1782.83597476301,2076.09336927575,1,16,FALSE,FALSE,FALSE,NA
1,16,267,72,1402.55560114194,1714.99742471056,1,16,FALSE,FALSE,FALSE,NA
1,16,268,78,830.875604966132,1413.17094813087,1,16,FALSE,FALSE,FALSE,NA
1,16,269,79,1325.10688639012,1191.28816164257,1,16,FALSE,FALSE,FALSE,NA
1,16,270,83,1715.86606029034,2140.02106092536,1,16,FALSE,FALSE,FALSE,NA
1,16,271,83,1708.02732748472,2147.69179678741,1,16,FALSE,FALSE,FALSE,NA
1,16,272,85,1654.92257668947,1858.45747392529,1,16,FALSE,FALSE,FALSE,NA
1,16,273,86,574.667984389288,897.529568487701,1,16,FALSE,FALSE,FALSE,NA
1,16,274,86,896.134019890893,736.176470961489,1,16,FALSE,FALSE,FALSE,NA
1,16,275,86,1354.56719165528,364.236375251026,1,16,FALSE,FALSE,FALSE,NA
1,16,276,86,1166.58657012883,653.018540465563,1,16,FALSE,FALSE,FALSE,NA
1,16,277,87,1636.53414171724,2203.21657356092,1,16,FALSE,FALSE,FALSE,NA
1,16,278,87,1340.34393717502,1916.05055825573,1,16,FALSE,FALSE,FALSE,NA
1,16,279,88,1339.40471910527,979.085841533441,1,16,FALSE,FALSE,FALSE,NA
1,16,280,88,1222.44737874647,969.643108533497,1,16,FALSE,FALSE,FALSE,NA
1,16,281,88,1212.77300870059,1713.2934997931,1,16,FALSE,FALSE,FALSE,NA
1,16,282,89,1149.23633908411,931.652416673675,1,16,FALSE,FALSE,FALSE,NA
1,16,283,90,1722.59811527432,218.946764446367,1,16,FALSE,FALSE,FALSE,NA
1,16,284,91,1943.81878707246,1514.35054610004,1,16,FALSE,FALSE,FALSE,NA
1,16,285,94,848.976575456504,1373.97320871563,1,16,FALSE,FALSE,FALSE,NA
1,16,286,94,979.116625624471,2097.53143887897,1,16,FALSE,FALSE,FALSE,NA
1,16,287,94,924.872981050103,1573.78240139826,1,16,FALSE,FALSE,FALSE,NA
1,16,288,97,840.798489304447,1607.58297134653,1,16,FALSE,FALSE,FALSE,NA
1,16,289,100,1359.31767668834,1540.01118781643,1,16,FALSE,FALSE,FALSE,NA
1,16,290,102,824.434890922784,2619.52728441588,1,16,FALSE,FALSE,FALSE,NA
1,16,291,104,849.188706455197,2020.05880213408,1,16,FALSE,FALSE,FALSE,NA
1,16,292,105,2246.86173776372,677.114883116321,1,16,FALSE,FALSE,FALSE,NA
1,16,293,105,2037.14390773622,36.2665239542107,1,16,FALSE,FALSE,FALSE,NA
1,16,294,106,636.742032502747,384.537488814886,1,16,FALSE,FALSE,FALSE,NA
1,16,295,106,1726.30766229484,40.5614160674335,1,16,FALSE,FALSE,FALSE,NA
1,16,296,106,602.077814974882,294.930770702175,1,16,FALSE,FALSE,FALSE,NA
1,16,297,106,987.486600359976,705.812864333232,1,16,FALSE,FALSE,FALSE,NA
1,16,298,111,927.064216311315,2606.08559351878,1,16,FALSE,FALSE,FALSE,NA
1,16,299,112,1179.11822000512,2797.37064453948,1,16,FALSE,FALSE,FALSE,NA
1,16,300,112,1631.60939555792,2444.73640307758,1,16,FALSE,FALSE,FALSE,NA
1,16,301,116,539.304338994803,1489.13889508023,1,16,FALSE,FALSE,FALSE,NA
1,16,302,119,1958.42796233972,837.125046163766,1,16,FALSE,FALSE,FALSE,NA
1,16,303,119,2200.52656459053,1664.75225123236,1,16,FALSE,FALSE,FALSE,NA
1,16,304,120,1634.91763625738,534.271610016588,1,16,FALSE,FALSE,FALSE,NA
1,16,305,120,1742.48105807092,602.835120644014,1,16,FALSE,FALSE,FALSE,NA
1,16,306,120,1683.05885050742,533.8478242023,1,16,FALSE,FALSE,FALSE,NA
1,16,307,120,1764.6813610169,450.554439420688,1,16,FALSE,FALSE,FALSE,NA
1,16,308,121,1674.85902069053,1096.57467181199,1,16,FALSE,FALSE,FALSE,NA
1,16,309,121,1802.77343292256,1189.70644506066,1,16,FALSE,FALSE,FALSE,NA
1,16,310,122,1977.38534455921,1265.38036835768,1,16,FALSE,FALSE,FALSE,NA
1,16,311,122,1378.26404461241,1514.23701159748,1,16,FALSE,FALSE,FALSE,NA
1,16,312,124,1324.6218535283,1354.09964265056,1,16,FALSE,FALSE,FALSE,NA
1,16,313,126,1438.7643362876,1436.99117118317,1,16,FALSE,FALSE,FALSE,NA
1,16,314,127,1581.09303809585,1509.0113354279,1,16,FALSE,FALSE,FALSE,NA
1,16,315,127,1211.77699689545,1482.67264466389,1,16,FALSE,FALSE,FALSE,NA
1,16,316,128,1258.89390500165,1727.43011512138,1,16,FALSE,FALSE,FALSE,NA
1,16,317,129,1093.72452240108,1933.06433230415,1,16,FALSE,FALSE,FALSE,NA
1,16,318,129,1110.24534890479,1947.124875678,1,16,FALSE,FALSE,FALSE,NA
1,16,319,130,267.966217362022,40.3467957509673,1,16,FALSE,FALSE,FALSE,NA
1,16,320,132,1364.68260625491,1598.83297015908,1,16,FALSE,FALSE,FALSE,NA
1,16,321,132,1392.85525159748,653.810544910651,1,16,FALSE,FALSE,FALSE,NA
1,16,322,132,1596.30945907727,950.408028986162,1,16,FALSE,FALSE,FALSE,NA
1,16,323,133,1621.65229849777,1980.60192335992,1,16,FALSE,FALSE,FALSE,NA
1,16,324,133,2077.21315456038,2322.96631526336,1,16,FALSE,FALSE,FALSE,NA
1,16,325,133,1605.40478686353,2417.11079530341,1,16,FALSE,FALSE,FALSE,NA
1,16,326,133,1656.90071155912,1868.87829064008,1,16,FALSE,FALSE,FALSE,NA
1,16,327,134,818.936246251494,2330.53419437708,1,16,FALSE,FALSE,FALSE,NA
1,16,328,137,789.399068818181,1890.00234619224,1,16,FALSE,FALSE,FALSE,NA
1,16,329,140,429.963334122736,2133.90216181506,1,16,FALSE,FALSE,FALSE,NA
1,16,330,147,1803.66690552328,1394.67585833586,1,16,FALSE,FALSE,FALSE,NA
1,16,331,147,1709.15190942158,1353.66416397972,1,16,FALSE,FALSE,FALSE,NA
1,16,332,147,1388.54041558738,302.926929514033,1,16,FALSE,FALSE,FALSE,NA
1,16,333,152,1041.14920121313,1666.77026542357,1,16,FALSE,FALSE,FALSE,NA
1,16,334,152,680.966799656546,1581.11277609135,1,16,FALSE,FALSE,FALSE,NA
1,16,335,153,1632.20762848759,1369.95739343327,1,16,FALSE,FALSE,FALSE,NA
1,16,336,155,1162.02139323775,1442.29216133291,1,16,FALSE,FALSE,FALSE,NA
1,16,337,155,1033.36051363169,1544.17677255498,1,16,FALSE,FALSE,FALSE,NA
1,16,338,156,1181.0336505076,890.6727371666,1,16,FALSE,FALSE,FALSE,NA
1,16,339,156,1007.17275584071,495.136392853087,1,16,FALSE,FALSE,FALSE,NA
1,16,340,158,1090.32042759619,2190.93639824215,1,16,FALSE,FALSE,FALSE,NA
1,16,341,158,940.850265980915,1952.26019279841,1,16,FALSE,FALSE,FALSE,NA
1,16,342,159,1209.31723135537,1435.43591481983,1,16,FALSE,FALSE,FALSE,NA
1,16,343,159,1259.0274571351,2054.57066163147,1,16,FALSE,FALSE,FALSE,NA
1,17,4,1,1474.25620741753,1516.39056316706,2,2,FALSE,FALSE,FALSE,NA
1,17,13,4,1433.50117644731,1748.94270948081,2,8,FALSE,FALSE,FALSE,NA
1,17,14,5,1329.87624723156,1488.47337762524,2,8,FALSE,FALSE,FALSE,NA
1,17,19,5,1540.24026513888,1459.58941649654,2,9,FALSE,FALSE,FALSE,NA
1,17,22,9,769.761206551756,776.365576737845,2,9,FALSE,FALSE,FALSE,NA
1,17,23,9,1506.55706017366,1234.37453867278,2,9,FALSE,FALSE,FALSE,NA
1,17,27,9,1562.29359134906,1812.09677157641,2,10,FALSE,FALSE,FALSE,NA
1,17,37,13,1345.09795763862,1827.46727956272,2,11,FALSE,FALSE,FALSE,NA
1,17,38,13,1411.40616025012,1573.28321745224,2,11,FALSE,FALSE,FALSE,NA
1,17,45,16,1086.75765330928,1361.51444860359,2,11,FALSE,FALSE,FALSE,NA
1,17,48,18,1214.45104694875,1151.3887811038,2,11,FALSE,FALSE,FALSE,NA
1,17,49,18,1508.13272980284,1342.24573396543,2,11,FALSE,FALSE,FALSE,NA
1,17,52,21,2033.19475508759,1719.41795319324,2,11,FALSE,FALSE,FALSE,NA
1,17,56,4,1932.75509498749,1942.47829024952,2,12,FALSE,FALSE,FALSE,NA
1,17,59,4,1879.37930954548,1230.34478069295,2,12,FALSE,FALSE,FALSE,NA
1,17,61,9,1780.39200236503,1431.65931847406,2,12,FALSE,FALSE,FALSE,NA
1,17,62,14,1681.31270998304,990.796628643303,2,12,FALSE,FALSE,FALSE,NA
1,17,63,14,1315.16879508039,1499.4801214157,2,12,FALSE,FALSE,FALSE,NA
1,17,66,18,1672.44178270667,1377.66370102183,2,12,FALSE,FALSE,FALSE,NA
1,17,68,22,853.213134154936,563.686524224707,2,12,FALSE,FALSE,FALSE,NA
1,17,71,24,1776.21758192293,1306.70037006448,2,12,FALSE,FALSE,FALSE,NA
1,17,76,32,1101.7634669492,2153.13201908848,2,12,FALSE,FALSE,FALSE,NA
1,17,78,4,1171.56064618426,1354.3170099006,2,13,FALSE,FALSE,FALSE,NA
1,17,79,5,1379.69508046497,1460.62657720698,2,13,FALSE,FALSE,FALSE,NA
1,17,81,9,1551.32983896143,1385.44242645566,2,13,FALSE,FALSE,FALSE,NA
1,17,87,19,1467.44032320363,1979.78901570165,2,13,FALSE,FALSE,FALSE,NA
1,17,89,22,915.82097044503,883.019559170968,2,13,FALSE,FALSE,FALSE,NA
1,17,91,23,1580.07732092228,1404.62700473401,2,13,FALSE,FALSE,FALSE,NA
1,17,92,23,1689.43680805664,1124.09501806329,2,13,FALSE,FALSE,FALSE,NA
1,17,96,28,1332.2033094483,1398.09992536942,2,13,FALSE,FALSE,FALSE,NA
1,17,97,31,1044.68316135355,1509.70608657041,2,13,FALSE,FALSE,FALSE,NA
1,17,99,32,768.826736313702,1514.54582298442,2,13,FALSE,FALSE,FALSE,NA
1,17,100,33,1373.48746450983,1567.39944832271,2,13,FALSE,FALSE,FALSE,NA
1,17,104,34,1126.92510343113,1522.17359100759,2,13,FALSE,FALSE,FALSE,NA
1,17,105,35,2548.2536986418,399.079351229985,2,13,FALSE,FALSE,FALSE,NA
1,17,111,42,836.548646493521,2688.60156018011,2,13,FALSE,FALSE,FALSE,NA
1,17,112,42,1187.37310880514,2603.81248312204,2,13,FALSE,FALSE,FALSE,NA
1,17,115,43,940.365013496164,1255.7597438093,2,13,FALSE,FALSE,FALSE,NA
1,17,117,48,1322.08069711658,1595.43992059224,2,13,FALSE,FALSE,FALSE,NA
1,17,118,49,632.493686615881,2133.03852812319,2,13,FALSE,FALSE,FALSE,NA
1,17,119,54,2322.81203781421,888.477104607924,2,13,FALSE,FALSE,FALSE,NA
1,17,120,54,1741.36337835099,600.391601980224,2,13,FALSE,FALSE,FALSE,NA
1,17,121,55,1785.01265066017,1185.95331042504,2,13,FALSE,FALSE,FALSE,NA
1,17,124,14,1320.65656967891,1420.20067226929,2,14,FALSE,FALSE,FALSE,NA
1,17,126,19,1342.93790880989,1200.52138300616,2,14,FALSE,FALSE,FALSE,NA
1,17,127,19,1448.14726949196,1463.20975610532,2,14,FALSE,FALSE,FALSE,NA
1,17,128,19,1342.38850728123,1546.45223427676,2,14,FALSE,FALSE,FALSE,NA
1,17,130,22,493.542424648193,312.293651425847,2,14,FALSE,FALSE,FALSE,NA
1,17,131,22,824.235636748671,487.659024885094,2,14,FALSE,FALSE,FALSE,NA
1,17,134,31,1236.30850733636,1510.04024044095,2,14,FALSE,FALSE,FALSE,NA
1,17,136,31,1389.7436670474,1654.02384659641,2,14,FALSE,FALSE,FALSE,NA
1,17,140,34,1010.64703804323,1789.24635661244,2,14,FALSE,FALSE,FALSE,NA
1,17,141,39,1159.22538248193,2111.94051046201,2,14,FALSE,FALSE,FALSE,NA
1,17,142,39,1531.56766077519,1644.99516467116,2,14,FALSE,FALSE,FALSE,NA
1,17,143,40,1322.22802600262,1934.88275727913,2,14,FALSE,FALSE,FALSE,NA
1,17,146,48,1262.41943386739,1115.68569434269,2,14,FALSE,FALSE,FALSE,NA
1,17,147,55,1700.46407693421,1335.84874229101,2,14,FALSE,FALSE,FALSE,NA
1,17,154,66,1501.55092085655,1543.96360549878,2,14,FALSE,FALSE,FALSE,NA
1,17,155,66,1056.19845019206,1567.60509037816,2,14,FALSE,FALSE,FALSE,NA
1,17,156,68,1182.71146856571,637.414345880308,2,14,FALSE,FALSE,FALSE,NA
1,17,157,73,479.690579233043,2494.38872248078,2,14,FALSE,FALSE,FALSE,NA
1,17,158,76,1034.51983038022,2169.87941234354,2,14,FALSE,FALSE,FALSE,NA
1,17,159,76,1176.17983378252,1995.44652990595,2,14,FALSE,FALSE,FALSE,NA
1,17,161,4,1213.39397020138,1734.37306220279,2,15,FALSE,FALSE,FALSE,NA
1,17,162,4,1309.77702023843,1656.89053946524,2,15,FALSE,FALSE,FALSE,NA
1,17,163,4,1965.13637864158,1848.94735051093,2,15,FALSE,FALSE,FALSE,NA
1,17,164,4,1629.00896365573,1468.50125995091,2,15,FALSE,FALSE,FALSE,NA
1,17,165,13,1149.46720445072,1732.30539234116,2,15,FALSE,FALSE,FALSE,NA
1,17,166,14,1370.17979973161,1464.35710855514,2,15,FALSE,FALSE,FALSE,NA
1,17,167,14,1492.97782090064,1218.19562834615,2,15,FALSE,FALSE,FALSE,NA
1,17,169,20,883.167852091342,1728.92339417585,2,15,FALSE,FALSE,FALSE,NA
1,17,170,22,530.890647321497,682.451741599696,2,15,FALSE,FALSE,FALSE,NA
1,17,171,23,1503.7334726612,1489.07426400476,2,15,FALSE,FALSE,FALSE,NA
1,17,172,27,1780.87338551102,1648.85575988233,1,15,FALSE,FALSE,FALSE,NA
1,17,173,28,2074.73693602444,1077.4925484658,1,15,FALSE,FALSE,FALSE,NA
1,17,174,31,1262.5500569236,1469.58412431132,1,15,FALSE,FALSE,FALSE,NA
1,17,175,33,1709.70657457608,1180.26087969549,2,15,FALSE,FALSE,FALSE,NA
1,17,176,39,1400.1982115349,1720.83251345818,2,15,FALSE,FALSE,FALSE,NA
1,17,177,39,1376.78835545765,1800.09982983718,2,15,FALSE,FALSE,FALSE,NA
1,17,178,45,1013.55193309496,1261.86864626122,2,15,FALSE,FALSE,FALSE,NA
1,17,179,45,1087.2991473084,1320.39396740377,2,15,FALSE,FALSE,FALSE,NA
1,17,180,46,1109.26878068667,810.88589287383,2,15,FALSE,FALSE,FALSE,NA
1,17,183,48,1289.58211827423,1312.78673889913,2,15,FALSE,FALSE,FALSE,NA
1,17,188,60,1448.37446293383,1374.98095044638,2,15,FALSE,FALSE,FALSE,NA
1,17,190,63,1596.16039110091,1327.77200235198,2,15,FALSE,FALSE,FALSE,NA
1,17,191,63,1355.798536487,1098.46750169917,2,15,FALSE,FALSE,FALSE,NA
1,17,193,64,721.811804910241,1702.98945208271,1,15,FALSE,FALSE,FALSE,NA
1,17,194,65,1617.02144500789,1212.34771041876,2,15,FALSE,FALSE,FALSE,NA
1,17,195,66,1372.97046598827,1524.75914552804,2,15,FALSE,FALSE,FALSE,NA
1,17,197,68,1012.79878177317,245.113245791985,2,15,FALSE,FALSE,FALSE,NA
1,17,202,79,1373.33131222599,1398.54337304808,1,15,FALSE,FALSE,FALSE,NA
1,17,204,81,1499.29782021414,1476.52095203518,2,15,FALSE,FALSE,FALSE,NA
1,17,205,83,1677.68516530043,2168.73718159214,2,15,FALSE,FALSE,FALSE,NA
1,17,207,86,1001.41094058125,721.076488723915,2,15,FALSE,FALSE,FALSE,NA
1,17,208,86,1040.19847640983,793.585174757975,1,15,FALSE,FALSE,FALSE,NA
1,17,209,87,1639.90746408207,1881.94940242008,2,15,FALSE,FALSE,FALSE,NA
1,17,210,87,1283.12502434518,2213.61643874323,2,15,FALSE,FALSE,FALSE,NA
1,17,212,88,1307.15504122726,991.895186996762,2,15,FALSE,FALSE,FALSE,NA
1,17,213,90,1714.3902278764,72.7868486911424,2,15,FALSE,FALSE,FALSE,NA
1,17,214,91,1619.79541149906,1431.67913116103,1,15,FALSE,FALSE,FALSE,NA
1,17,218,105,2845.69678038581,308.554779551043,2,15,FALSE,FALSE,FALSE,NA
1,17,220,110,1260.1678974577,2028.5388761538,2,15,FALSE,FALSE,FALSE,NA
1,17,221,110,1024.62290223331,2097.02441783624,2,15,FALSE,FALSE,FALSE,NA
1,17,222,110,769.085820968444,1748.61220803667,1,15,FALSE,FALSE,FALSE,NA
1,17,223,112,956.005811551307,2884.14816570626,2,15,FALSE,FALSE,FALSE,NA
1,17,224,115,1202.73436493305,1269.38653267212,2,15,FALSE,FALSE,FALSE,NA
1,17,225,115,594.441690626462,515.593286117675,1,15,FALSE,FALSE,FALSE,NA
1,17,226,116,1340.77257178598,1465.32834232645,2,15,FALSE,FALSE,FALSE,NA
1,17,228,121,1843.59920996829,1258.1500561358,2,15,FALSE,FALSE,FALSE,NA
1,17,229,121,1999.887360116,1098.56335801066,2,15,FALSE,FALSE,FALSE,NA
1,17,230,121,1949.52045033083,986.926136497175,2,15,FALSE,FALSE,FALSE,NA
1,17,231,121,1556.14220720709,1375.80977706374,2,15,FALSE,FALSE,FALSE,NA
1,17,233,19,1842.50725344854,1362.27621012006,2,16,FALSE,FALSE,FALSE,NA
1,17,234,20,1090.52834397289,1698.15118778148,2,16,FALSE,FALSE,FALSE,NA
1,17,235,20,1264.09123509544,1963.7795728436,2,16,FALSE,FALSE,FALSE,NA
1,17,236,22,750.294056261568,695.284906033443,2,16,FALSE,FALSE,FALSE,NA
1,17,238,27,1622.89329434988,1978.37190364372,1,16,FALSE,FALSE,FALSE,NA
1,17,239,28,1210.02241362203,1327.98901505295,2,16,FALSE,FALSE,FALSE,NA
1,17,241,33,1263.56044728356,1444.16076459094,2,16,FALSE,FALSE,FALSE,NA
1,17,242,34,851.950982762359,1508.92791252484,2,16,FALSE,FALSE,FALSE,NA
1,17,243,37,1338.25719765042,1657.94347075385,1,16,FALSE,FALSE,FALSE,NA
1,17,245,39,1404.88490661445,1840.13097643132,2,16,FALSE,FALSE,FALSE,NA
1,17,247,49,1271.09629041756,1507.65870605951,1,16,FALSE,FALSE,FALSE,NA
1,17,248,49,1484.41804833147,1385.85123501683,2,16,FALSE,FALSE,FALSE,NA
1,17,249,56,2103.79850924422,2160.47517372718,2,16,FALSE,FALSE,FALSE,NA
1,17,250,59,1810.27651501864,995.114949144882,2,16,FALSE,FALSE,FALSE,NA
1,17,251,59,1702.89032188318,1096.32527532867,2,16,FALSE,FALSE,FALSE,NA
1,17,252,61,1769.89558705134,1522.76195259525,2,16,FALSE,FALSE,FALSE,NA
1,17,253,62,1619.61565958427,1474.54933939662,2,16,FALSE,FALSE,FALSE,NA
1,17,255,64,976.719316525554,1574.43417863319,2,16,FALSE,FALSE,FALSE,NA
1,17,257,66,1688.48772834171,1767.04593292639,2,16,FALSE,FALSE,FALSE,NA
1,17,258,66,1406.97754128838,1272.49069263481,2,16,FALSE,FALSE,FALSE,NA
1,17,259,66,1315.84257231713,1139.95057669971,2,16,FALSE,FALSE,FALSE,NA
1,17,261,68,700.696500291766,435.003800867073,1,16,FALSE,FALSE,FALSE,NA
1,17,262,69,1044.76495256297,846.786372313882,1,16,FALSE,FALSE,FALSE,NA
1,17,264,71,1812.89972998266,1304.02983744592,2,16,FALSE,FALSE,FALSE,NA
1,17,265,71,1779.19404887474,1132.06600466006,1,16,FALSE,FALSE,FALSE,NA
1,17,266,72,1800.72590257025,2054.76260273971,2,16,FALSE,FALSE,FALSE,NA
1,17,267,72,1402.55560114194,1714.99742471056,1,16,FALSE,FALSE,FALSE,NA
1,17,268,78,700.625943354401,1392.38282902415,2,16,FALSE,FALSE,FALSE,NA
1,17,269,79,1314.16983666691,1185.16025760354,2,16,FALSE,FALSE,FALSE,NA
1,17,270,83,1674.75539622243,2114.83335806047,2,16,FALSE,FALSE,FALSE,NA
1,17,271,83,1697.49062875803,2141.88443074713,2,16,FALSE,FALSE,FALSE,NA
1,17,272,85,1664.40234607081,1831.38692668799,2,16,FALSE,FALSE,FALSE,NA
1,17,273,86,577.950744883453,896.404637437744,2,16,FALSE,FALSE,FALSE,NA
1,17,274,86,1037.92298954658,827.507041844325,2,16,FALSE,FALSE,FALSE,NA
1,17,275,86,1313.59654308846,385.016257814956,2,16,FALSE,FALSE,FALSE,NA
1,17,276,86,1166.58657012883,653.018540465563,1,16,FALSE,FALSE,FALSE,NA
1,17,280,88,1245.07924299496,916.774465715175,2,16,FALSE,FALSE,FALSE,NA
1,17,281,88,1193.98961182633,1849.02749745199,2,16,FALSE,FALSE,FALSE,NA
1,17,284,91,2005.8943949176,1481.99994956439,2,16,FALSE,FALSE,FALSE,NA
1,17,285,94,848.976575456504,1373.97320871563,1,16,FALSE,FALSE,FALSE,NA
1,17,287,94,954.304482752828,1594.01641965859,2,16,FALSE,FALSE,FALSE,NA
1,17,288,97,711.132157945681,1739.87588746939,2,16,FALSE,FALSE,FALSE,NA
1,17,289,100,1359.31767668834,1540.01118781643,1,16,FALSE,FALSE,FALSE,NA
1,17,290,102,842.293662241559,2598.30464560481,2,16,FALSE,FALSE,FALSE,NA
1,17,291,104,741.147081725187,1881.51849276682,2,16,FALSE,FALSE,FALSE,NA
1,17,292,105,2296.48023007896,801.66218332615,2,16,FALSE,FALSE,FALSE,NA
1,17,293,105,2080.11495840463,31.6084838282198,2,16,FALSE,FALSE,FALSE,NA
1,17,294,106,636.742032502747,384.537488814886,1,16,FALSE,FALSE,FALSE,NA
1,17,295,106,1689.53610810614,76.7547277930935,2,16,FALSE,FALSE,FALSE,NA
1,17,296,106,640.223818897298,343.005149981965,2,16,FALSE,FALSE,FALSE,NA
1,17,298,111,927.064216311315,2606.08559351878,1,16,FALSE,FALSE,FALSE,NA
1,17,299,112,1145.68053740278,2800.07733072442,2,16,FALSE,FALSE,FALSE,NA
1,17,300,112,1900.13136077391,2530.05548968795,2,16,FALSE,FALSE,FALSE,NA
1,17,301,116,547.558894408364,1518.43459396188,2,16,FALSE,FALSE,FALSE,NA
1,17,302,119,1980.42347398545,871.574456006066,2,16,FALSE,FALSE,FALSE,NA
1,17,303,119,2199.88472236355,1662.93019715292,2,16,FALSE,FALSE,FALSE,NA
1,17,304,120,1631.86136370855,570.070745368804,2,16,FALSE,FALSE,FALSE,NA
1,17,305,120,1716.43261033502,570.639232338149,2,16,FALSE,FALSE,FALSE,NA
1,17,306,120,1733.72366371892,547.332386285934,2,16,FALSE,FALSE,FALSE,NA
1,17,307,120,1752.68806057508,476.318804183718,2,16,FALSE,FALSE,FALSE,NA
1,17,309,121,1943.5073689143,1141.66703302973,2,16,FALSE,FALSE,FALSE,NA
1,17,310,122,2013.36779503675,1311.72802870002,2,16,FALSE,FALSE,FALSE,NA
1,17,311,122,1363.13885044677,1469.26807427646,2,16,FALSE,FALSE,FALSE,NA
1,17,312,124,1295.83777031102,1044.40381476192,2,16,FALSE,FALSE,FALSE,NA
1,17,313,126,1438.7643362876,1436.99117118317,1,16,FALSE,FALSE,FALSE,NA
1,17,314,127,1584.70865883158,1508.67375088431,2,16,FALSE,FALSE,FALSE,NA
1,17,315,127,1211.77699689545,1482.67264466389,1,16,FALSE,FALSE,FALSE,NA
1,17,316,128,1212.33073139369,1670.12838905455,2,16,FALSE,FALSE,FALSE,NA
1,17,317,129,1106.78987589224,1902.59690832409,2,16,FALSE,FALSE,FALSE,NA
1,17,318,129,1081.54218992751,1881.31839056829,2,16,FALSE,FALSE,FALSE,NA
1,17,319,130,403.526669245043,69.2777007281252,2,16,FALSE,FALSE,FALSE,NA
1,17,322,132,1476.78582855552,1111.00489599843,2,16,FALSE,FALSE,FALSE,NA
1,17,323,133,1626.25615431642,1985.39515950935,2,16,FALSE,FALSE,FALSE,NA
1,17,324,133,2054.24720617671,2280.61936396111,2,16,FALSE,FALSE,FALSE,NA
1,17,325,133,1620.16255214184,2423.05951105118,2,16,FALSE,FALSE,FALSE,NA
1,17,326,133,1656.90071155912,1868.87829064008,1,16,FALSE,FALSE,FALSE,NA
1,17,327,134,818.936246251494,2330.53419437708,1,16,FALSE,FALSE,FALSE,NA
1,17,328,137,1040.98431398193,1872.49236614916,2,16,FALSE,FALSE,FALSE,NA
1,17,330,147,1816.1498101367,1337.18310801619,2,16,FALSE,FALSE,FALSE,NA
1,17,331,147,1735.75628037722,1381.96368707932,2,16,FALSE,FALSE,FALSE,NA
1,17,332,147,1388.54041558738,302.926929514033,1,16,FALSE,FALSE,FALSE,NA
1,17,333,152,1162.96954716158,1355.79240267022,2,16,FALSE,FALSE,FALSE,NA
1,17,334,152,680.966799656546,1581.11277609135,1,16,FALSE,FALSE,FALSE,NA
1,17,335,153,1681.04032430702,1380.25661940839,2,16,FALSE,FALSE,FALSE,NA
1,17,336,155,1162.02139323775,1442.29216133291,1,16,FALSE,FALSE,FALSE,NA
1,17,337,155,1030.87727694791,1455.22819255849,2,16,FALSE,FALSE,FALSE,NA
1,17,338,156,1172.92834965691,894.31008114641,2,16,FALSE,FALSE,FALSE,NA
1,17,339,156,860.818164250762,407.102061235291,2,16,FALSE,FALSE,FALSE,NA
1,17,340,158,1078.95121949937,2211.81738963357,2,16,FALSE,FALSE,FALSE,NA
1,17,341,158,940.850265980915,1952.26019279841,1,16,FALSE,FALSE,FALSE,NA
1,17,343,159,1306.6941651841,1988.79104659074,2,16,FALSE,FALSE,FALSE,NA
1,17,344,4,1510.70356140414,1614.49011907856,1,17,FALSE,FALSE,FALSE,NA
1,17,345,4,1018.02959101754,1533.74179192168,1,17,FALSE,FALSE,FALSE,NA
1,17,346,4,1578.61473486203,1549.90807333134,1,17,FALSE,FALSE,FALSE,NA
1,17,347,13,1958.30452059987,1492.46699175685,1,17,FALSE,FALSE,FALSE,NA
1,17,348,17,1616.94905724652,1538.28616117876,1,17,FALSE,FALSE,FALSE,NA
1,17,349,19,1360.54279250307,1694.78245926239,1,17,FALSE,FALSE,FALSE,NA
1,17,350,19,1488.87399047394,1468.20017466141,1,17,FALSE,FALSE,FALSE,NA
1,17,351,19,1476.40383148,1404.64420665496,1,17,FALSE,FALSE,FALSE,NA
1,17,352,22,1208.02911509896,372.225108426585,1,17,FALSE,FALSE,FALSE,NA
1,17,353,22,625.12186698003,654.309799408401,1,17,FALSE,FALSE,FALSE,NA
1,17,354,22,758.628060356612,762.00390420369,1,17,FALSE,FALSE,FALSE,NA
1,17,355,27,1765.50307767556,1888.30386015505,1,17,FALSE,FALSE,FALSE,NA
1,17,356,27,1405.55183957087,1989.21991081817,1,17,FALSE,FALSE,FALSE,NA
1,17,357,37,1210.06937157958,1801.32854135162,1,17,FALSE,FALSE,FALSE,NA
1,17,358,45,1078.56354735896,1275.1188242599,1,17,FALSE,FALSE,FALSE,NA
1,17,359,48,1317.23019171678,935.663749027394,1,17,FALSE,FALSE,FALSE,NA
1,17,360,49,1494.22570047702,2127.93529413602,1,17,FALSE,FALSE,FALSE,NA
1,17,361,49,1496.42489057308,1507.83698535981,1,17,FALSE,FALSE,FALSE,NA
1,17,362,49,1239.19621721116,1087.24935558593,1,17,FALSE,FALSE,FALSE,NA
1,17,363,49,775.126970830565,1761.40791725952,1,17,FALSE,FALSE,FALSE,NA
1,17,364,56,2025.49522969252,1909.65611562625,1,17,FALSE,FALSE,FALSE,NA
1,17,365,61,1834.7872399969,818.76873607579,1,17,FALSE,FALSE,FALSE,NA
1,17,366,62,1591.55909111494,823.77279300082,1,17,FALSE,FALSE,FALSE,NA
1,17,367,62,1631.1305382939,1001.32839612489,1,17,FALSE,FALSE,FALSE,NA
1,17,368,63,1490.64600324252,1575.12583519653,1,17,FALSE,FALSE,FALSE,NA
1,17,369,63,1236.12477447854,1528.97568730717,1,17,FALSE,FALSE,FALSE,NA
1,17,370,63,1122.72033912932,1182.42875171376,1,17,FALSE,FALSE,FALSE,NA
1,17,371,63,1538.51625832976,1567.19580046044,1,17,FALSE,FALSE,FALSE,NA
1,17,372,64,1289.52652353515,1192.1761673549,1,17,FALSE,FALSE,FALSE,NA
1,17,373,64,906.655185130962,1808.05063637422,1,17,FALSE,FALSE,FALSE,NA
1,17,374,64,1026.88442185059,1481.83109015583,1,17,FALSE,FALSE,FALSE,NA
1,17,375,66,1614.31431284136,1356.09774934718,1,17,FALSE,FALSE,FALSE,NA
1,17,376,66,1776.72768490175,1220.63883189483,1,17,FALSE,FALSE,FALSE,NA
1,17,377,71,1809.15390472332,1251.51310482475,1,17,FALSE,FALSE,FALSE,NA
1,17,378,73,1634.99707058544,2634.63246002829,1,17,FALSE,FALSE,FALSE,NA
1,17,379,73,1761.25800876771,2431.24380491971,1,17,FALSE,FALSE,FALSE,NA
1,17,380,79,1244.85869952627,1341.23361507299,1,17,FALSE,FALSE,FALSE,NA
1,17,381,79,1390.26357183751,1481.76200820938,1,17,FALSE,FALSE,FALSE,NA
1,17,382,79,1273.64913522737,1635.25302160334,1,17,FALSE,FALSE,FALSE,NA
1,17,383,79,1305.91915638856,1568.13625705028,1,17,FALSE,FALSE,FALSE,NA
1,17,384,79,1208.62955040295,1471.42857758905,1,17,FALSE,FALSE,FALSE,NA
1,17,385,79,935.691322195842,1501.23401881124,1,17,FALSE,FALSE,FALSE,NA
1,17,386,85,1188.68613907889,1709.25385509276,1,17,FALSE,FALSE,FALSE,NA
1,17,387,85,1825.24984361977,1228.06114137467,1,17,FALSE,FALSE,FALSE,NA
1,17,388,87,1425.70793321318,1861.41216012964,1,17,FALSE,FALSE,FALSE,NA
1,17,389,87,1342.15609370953,2246.24519584596,1,17,FALSE,FALSE,FALSE,NA
1,17,390,88,1411.06454697386,982.477769135888,1,17,FALSE,FALSE,FALSE,NA
1,17,391,89,917.438724324492,882.44645123041,1,17,FALSE,FALSE,FALSE,NA
1,17,392,91,1493.38415293059,1439.97048058435,1,17,FALSE,FALSE,FALSE,NA
1,17,393,92,1773.12652836648,1119.62975766071,1,17,FALSE,FALSE,FALSE,NA
1,17,394,95,975.934505713415,1182.3661446663,1,17,FALSE,FALSE,FALSE,NA
1,17,395,96,1860.57174435892,1174.59322630241,1,17,FALSE,FALSE,FALSE,NA
1,17,396,96,1449.34536866508,1613.78752808599,1,17,FALSE,FALSE,FALSE,NA
1,17,397,96,1169.72163864853,1551.48601010926,1,17,FALSE,FALSE,FALSE,NA
1,17,398,97,1006.47698848496,1287.3433440235,1,17,FALSE,FALSE,FALSE,NA
1,17,399,100,1403.28407443413,1486.72216469686,1,17,FALSE,FALSE,FALSE,NA
1,17,400,104,1103.60647463054,1550.59199911825,1,17,FALSE,FALSE,FALSE,NA
1,17,401,111,572.353272882145,2361.85605435055,1,17,FALSE,FALSE,FALSE,NA
1,17,402,112,1236.98516853483,2621.97806296655,1,17,FALSE,FALSE,FALSE,NA
1,17,403,115,908.104596257988,1072.53259249912,1,17,FALSE,FALSE,FALSE,NA
1,17,404,119,2208.35006297782,1071.303426663,1,17,FALSE,FALSE,FALSE,NA
1,17,405,119,2327.83194496058,945.897845486294,1,17,FALSE,FALSE,FALSE,NA
1,17,406,119,2390.41424949636,633.19606812636,1,17,FALSE,FALSE,FALSE,NA
1,17,407,119,2266.04060250856,605.160847447037,1,17,FALSE,FALSE,FALSE,NA
1,17,408,119,2448.26979056198,425.022897205882,1,17,FALSE,FALSE,FALSE,NA
1,17,409,120,1146.40387331777,525.437276607888,1,17,FALSE,FALSE,FALSE,NA
1,17,410,120,1614.69435227293,681.904598239636,1,17,FALSE,FALSE,FALSE,NA
1,17,411,121,1703.63110810181,1078.35679220798,1,17,FALSE,FALSE,FALSE,NA
1,17,412,121,1838.09929263109,1192.46042926092,1,17,FALSE,FALSE,FALSE,NA
1,17,413,121,1912.65572276876,1042.06018797578,1,17,FALSE,FALSE,FALSE,NA
1,17,414,124,1264.02353294919,1251.45268472104,1,17,FALSE,FALSE,FALSE,NA
1,17,415,124,876.871960312363,1213.93104778743,1,17,FALSE,FALSE,FALSE,NA
1,17,416,126,1377.65573896647,1172.62752873701,1,17,FALSE,FALSE,FALSE,NA
1,17,417,127,1798.51759831915,2103.33806395416,1,17,FALSE,FALSE,FALSE,NA
1,17,418,128,1489.76647086293,1474.36802808736,1,17,FALSE,FALSE,FALSE,NA
1,17,419,128,1469.21762181697,1699.02196745911,1,17,FALSE,FALSE,FALSE,NA
1,17,420,130,539.952474073291,334.236889081762,1,17,FALSE,FALSE,FALSE,NA
1,17,421,133,1659.03809240447,1880.0486913137,1,17,FALSE,FALSE,FALSE,NA
1,17,422,134,1090.76964815328,1137.60852279492,1,17,FALSE,FALSE,FALSE,NA
1,17,423,142,1677.80398285728,2173.11790425201,1,17,FALSE,FALSE,FALSE,NA
1,17,424,142,1366.94845559912,1563.0058305233,1,17,FALSE,FALSE,FALSE,NA
1,17,425,142,1392.59319717579,1717.40367300756,1,17,FALSE,FALSE,FALSE,NA
1,17,426,145,1723.76220797753,968.141672705596,1,17,FALSE,FALSE,FALSE,NA
1,17,427,145,1741.3931362621,884.314184919432,1,17,FALSE,FALSE,FALSE,NA
1,17,428,147,1881.97445856226,1167.36662443856,1,17,FALSE,FALSE,FALSE,NA
1,17,429,147,1745.0013067433,1462.09122909579,1,17,FALSE,FALSE,FALSE,NA
1,17,430,151,1709.25479136122,443.105077787873,1,17,FALSE,FALSE,FALSE,NA
1,17,431,154,1707.02336713769,1232.01319544504,1,17,FALSE,FALSE,FALSE,NA
1,17,432,158,1005.76701991451,2214.42133390799,1,17,FALSE,FALSE,FALSE,NA
1,17,433,158,1114.33896802577,2061.5539859036,1,17,FALSE,FALSE,FALSE,NA
1,17,434,159,1057.83788205698,2011.28134024862,1,17,FALSE,FALSE,FALSE,NA
1,17,435,159,1162.25444708689,2043.99082510873,1,17,FALSE,FALSE,FALSE,NA
1,17,436,159,1065.72093253355,1997.64904878628,1,17,FALSE,FALSE,FALSE,NA
1,17,437,162,1131.31668892133,1944.05480602137,1,17,FALSE,FALSE,FALSE,NA
1,17,438,164,1606.18322245485,1437.76295084662,1,17,FALSE,FALSE,FALSE,NA
1,17,439,166,2274.03849281053,1930.49496027232,1,17,FALSE,FALSE,FALSE,NA
1,17,440,166,1386.30228097147,1426.94828109705,1,17,FALSE,FALSE,FALSE,NA
1,17,441,167,1585.30366720318,1242.10092131286,1,17,FALSE,FALSE,FALSE,NA
1,17,442,167,1632.29733509012,1084.40237044863,1,17,FALSE,FALSE,FALSE,NA
1,17,443,168,1303.79205252534,1436.50835739874,1,17,FALSE,FALSE,FALSE,NA
1,17,444,170,550.347264721144,528.500254993917,1,17,FALSE,FALSE,FALSE,NA
1,17,445,170,536.090106764387,672.1856070487,1,17,FALSE,FALSE,FALSE,NA
1,17,446,175,1303.82180703426,1279.63363448347,1,17,FALSE,FALSE,FALSE,NA
1,17,447,175,1709.16734727925,1182.0111248609,1,17,FALSE,FALSE,FALSE,NA
1,17,448,175,1357.79928534839,1004.54672368233,1,17,FALSE,FALSE,FALSE,NA
1,17,449,176,1375.92612112434,1688.23954037717,1,17,FALSE,FALSE,FALSE,NA
1,17,450,178,97.5611862128767,1293.93277466142,1,17,FALSE,FALSE,FALSE,NA
1,17,451,179,862.778499628412,1310.25574843768,1,17,FALSE,FALSE,FALSE,NA
1,17,452,179,1002.28336529303,1438.17883118127,1,17,FALSE,FALSE,FALSE,NA
1,17,453,182,805.664515664661,681.535730082479,1,17,FALSE,FALSE,FALSE,NA
1,17,454,183,1041.81208297024,1162.30091459288,1,17,FALSE,FALSE,FALSE,NA
1,17,455,187,1883.21794056556,1199.56377983594,1,17,FALSE,FALSE,FALSE,NA
1,17,456,188,1438.49136504327,1404.37853756338,1,17,FALSE,FALSE,FALSE,NA
1,17,457,194,1439.86101057995,1375.84336493122,1,17,FALSE,FALSE,FALSE,NA
1,17,458,195,199.28558045346,2302.62159309411,1,17,FALSE,FALSE,FALSE,NA
1,17,459,197,1012.18213168783,119.922110163538,1,17,FALSE,FALSE,FALSE,NA
1,17,460,204,2325.77487308213,1105.31033326692,1,17,FALSE,FALSE,FALSE,NA
1,17,461,209,1509.92342741317,1709.7890990008,1,17,FALSE,FALSE,FALSE,NA
1,17,462,210,1280.3102526059,2213.49364291993,1,17,FALSE,FALSE,FALSE,NA
1,17,463,210,950.600079504507,2434.33432570905,1,17,FALSE,FALSE,FALSE,NA
1,17,464,213,1765.90575612088,149.137796916682,1,17,FALSE,FALSE,FALSE,NA
1,17,465,215,417.110327163321,1743.07156474981,1,17,FALSE,FALSE,FALSE,NA
1,17,466,218,2889.77751098989,440.147916914744,1,17,FALSE,FALSE,FALSE,NA
1,17,467,220,1340.79524058516,2018.4366623334,1,17,FALSE,FALSE,FALSE,NA
1,17,468,220,1257.7373910571,2027.36880802792,1,17,FALSE,FALSE,FALSE,NA
1,17,469,221,931.623961650861,2316.43491846861,1,17,FALSE,FALSE,FALSE,NA
1,17,470,223,1321.4150352895,2547.5472225484,1,17,FALSE,FALSE,FALSE,NA
1,17,471,223,956.148901662144,1717.7128838989,1,17,FALSE,FALSE,FALSE,NA
1,17,472,223,1083.75613512123,2720.3603017396,1,17,FALSE,FALSE,FALSE,NA
1,17,473,223,915.054083182393,2853.92107403315,1,17,FALSE,FALSE,FALSE,NA
1,17,474,224,530.828837039209,1107.2431183045,1,17,FALSE,FALSE,FALSE,NA
1,17,475,224,2065.05569263549,875.420715782572,1,17,FALSE,FALSE,FALSE,NA
1,17,476,226,935.868597134643,1491.81467608467,1,17,FALSE,FALSE,FALSE,NA
1,17,477,231,1171.15944183152,2092.56639326778,1,17,FALSE,FALSE,FALSE,NA
1,18,4,1,1474.25620741753,1516.39056316706,2,2,FALSE,FALSE,FALSE,NA
1,18,13,4,1433.50117644731,1748.94270948081,2,8,FALSE,FALSE,FALSE,NA
1,18,14,5,1329.87624723156,1488.47337762524,2,8,FALSE,FALSE,FALSE,NA
1,18,19,5,1540.24026513888,1459.58941649654,2,9,FALSE,FALSE,FALSE,NA
1,18,22,9,769.761206551756,776.365576737845,2,9,FALSE,FALSE,FALSE,NA
1,18,23,9,1506.55706017366,1234.37453867278,2,9,FALSE,FALSE,FALSE,NA
1,18,27,9,1562.29359134906,1812.09677157641,2,10,FALSE,FALSE,FALSE,NA
1,18,37,13,1345.09795763862,1827.46727956272,2,11,FALSE,FALSE,FALSE,NA
1,18,38,13,1411.40616025012,1573.28321745224,2,11,FALSE,FALSE,FALSE,NA
1,18,45,16,1086.75765330928,1361.51444860359,2,11,FALSE,FALSE,FALSE,NA
1,18,48,18,1214.45104694875,1151.3887811038,2,11,FALSE,FALSE,FALSE,NA
1,18,49,18,1508.13272980284,1342.24573396543,2,11,FALSE,FALSE,FALSE,NA
1,18,52,21,2033.19475508759,1719.41795319324,2,11,FALSE,FALSE,FALSE,NA
1,18,56,4,1932.75509498749,1942.47829024952,2,12,FALSE,FALSE,FALSE,NA
1,18,59,4,1879.37930954548,1230.34478069295,2,12,FALSE,FALSE,FALSE,NA
1,18,61,9,1780.39200236503,1431.65931847406,2,12,FALSE,FALSE,FALSE,NA
1,18,62,14,1681.31270998304,990.796628643303,2,12,FALSE,FALSE,FALSE,NA
1,18,63,14,1315.16879508039,1499.4801214157,2,12,FALSE,FALSE,FALSE,NA
1,18,66,18,1672.44178270667,1377.66370102183,2,12,FALSE,FALSE,FALSE,NA
1,18,71,24,1776.21758192293,1306.70037006448,2,12,FALSE,FALSE,FALSE,NA
1,18,76,32,1101.7634669492,2153.13201908848,2,12,FALSE,FALSE,FALSE,NA
1,18,78,4,1171.56064618426,1354.3170099006,2,13,FALSE,FALSE,FALSE,NA
1,18,79,5,1379.69508046497,1460.62657720698,2,13,FALSE,FALSE,FALSE,NA
1,18,81,9,1551.32983896143,1385.44242645566,2,13,FALSE,FALSE,FALSE,NA
1,18,87,19,1467.44032320363,1979.78901570165,2,13,FALSE,FALSE,FALSE,NA
1,18,89,22,915.82097044503,883.019559170968,2,13,FALSE,FALSE,FALSE,NA
1,18,91,23,1580.07732092228,1404.62700473401,2,13,FALSE,FALSE,FALSE,NA
1,18,92,23,1689.43680805664,1124.09501806329,2,13,FALSE,FALSE,FALSE,NA
1,18,96,28,1332.2033094483,1398.09992536942,2,13,FALSE,FALSE,FALSE,NA
1,18,104,34,1126.92510343113,1522.17359100759,2,13,FALSE,FALSE,FALSE,NA
1,18,105,35,2548.2536986418,399.079351229985,2,13,FALSE,FALSE,FALSE,NA
1,18,111,42,836.548646493521,2688.60156018011,2,13,FALSE,FALSE,FALSE,NA
1,18,115,43,940.365013496164,1255.7597438093,2,13,FALSE,FALSE,FALSE,NA
1,18,117,48,1322.08069711658,1595.43992059224,2,13,FALSE,FALSE,FALSE,NA
1,18,119,54,2322.81203781421,888.477104607924,2,13,FALSE,FALSE,FALSE,NA
1,18,120,54,1741.36337835099,600.391601980224,2,13,FALSE,FALSE,FALSE,NA
1,18,121,55,1785.01265066017,1185.95331042504,2,13,FALSE,FALSE,FALSE,NA
1,18,124,14,1320.65656967891,1420.20067226929,2,14,FALSE,FALSE,FALSE,NA
1,18,130,22,493.542424648193,312.293651425847,2,14,FALSE,FALSE,FALSE,NA
1,18,131,22,824.235636748671,487.659024885094,2,14,FALSE,FALSE,FALSE,NA
1,18,136,31,1389.7436670474,1654.02384659641,2,14,FALSE,FALSE,FALSE,NA
1,18,140,34,1010.64703804323,1789.24635661244,2,14,FALSE,FALSE,FALSE,NA
1,18,141,39,1159.22538248193,2111.94051046201,2,14,FALSE,FALSE,FALSE,NA
1,18,142,39,1531.56766077519,1644.99516467116,2,14,FALSE,FALSE,FALSE,NA
1,18,143,40,1322.22802600262,1934.88275727913,2,14,FALSE,FALSE,FALSE,NA
1,18,146,48,1262.41943386739,1115.68569434269,2,14,FALSE,FALSE,FALSE,NA
1,18,147,55,1700.46407693421,1335.84874229101,2,14,FALSE,FALSE,FALSE,NA
1,18,154,66,1501.55092085655,1543.96360549878,2,14,FALSE,FALSE,FALSE,NA
1,18,155,66,1056.19845019206,1567.60509037816,2,14,FALSE,FALSE,FALSE,NA
1,18,157,73,479.690579233043,2494.38872248078,2,14,FALSE,FALSE,FALSE,NA
1,18,159,76,1176.17983378252,1995.44652990595,2,14,FALSE,FALSE,FALSE,NA
1,18,161,4,1213.39397020138,1734.37306220279,2,15,FALSE,FALSE,FALSE,NA
1,18,162,4,1309.77702023843,1656.89053946524,2,15,FALSE,FALSE,FALSE,NA
1,18,164,4,1629.00896365573,1468.50125995091,2,15,FALSE,FALSE,FALSE,NA
1,18,165,13,1149.46720445072,1732.30539234116,2,15,FALSE,FALSE,FALSE,NA
1,18,166,14,1370.17979973161,1464.35710855514,2,15,FALSE,FALSE,FALSE,NA
1,18,167,14,1492.97782090064,1218.19562834615,2,15,FALSE,FALSE,FALSE,NA
1,18,169,20,883.167852091342,1728.92339417585,2,15,FALSE,FALSE,FALSE,NA
1,18,170,22,530.890647321497,682.451741599696,2,15,FALSE,FALSE,FALSE,NA
1,18,171,23,1503.7334726612,1489.07426400476,2,15,FALSE,FALSE,FALSE,NA
1,18,172,27,1775.59294660317,1639.12467458649,2,15,FALSE,FALSE,FALSE,NA
1,18,174,31,1262.5500569236,1469.58412431132,1,15,FALSE,FALSE,FALSE,NA
1,18,175,33,1709.70657457608,1180.26087969549,2,15,FALSE,FALSE,FALSE,NA
1,18,176,39,1400.1982115349,1720.83251345818,2,15,FALSE,FALSE,FALSE,NA
1,18,177,39,1376.78835545765,1800.09982983718,2,15,FALSE,FALSE,FALSE,NA
1,18,178,45,1013.55193309496,1261.86864626122,2,15,FALSE,FALSE,FALSE,NA
1,18,180,46,1109.26878068667,810.88589287383,2,15,FALSE,FALSE,FALSE,NA
1,18,183,48,1289.58211827423,1312.78673889913,2,15,FALSE,FALSE,FALSE,NA
1,18,188,60,1448.37446293383,1374.98095044638,2,15,FALSE,FALSE,FALSE,NA
1,18,190,63,1596.16039110091,1327.77200235198,2,15,FALSE,FALSE,FALSE,NA
1,18,191,63,1355.798536487,1098.46750169917,2,15,FALSE,FALSE,FALSE,NA
1,18,193,64,512.37964635297,1927.34800188518,2,15,FALSE,FALSE,FALSE,NA
1,18,194,65,1617.02144500789,1212.34771041876,2,15,FALSE,FALSE,FALSE,NA
1,18,195,66,1372.97046598827,1524.75914552804,2,15,FALSE,FALSE,FALSE,NA
1,18,197,68,1012.79878177317,245.113245791985,2,15,FALSE,FALSE,FALSE,NA
1,18,202,79,1181.78263811937,1594.687037828,2,15,FALSE,FALSE,FALSE,NA
1,18,205,83,1677.68516530043,2168.73718159214,2,15,FALSE,FALSE,FALSE,NA
1,18,207,86,1001.41094058125,721.076488723915,2,15,FALSE,FALSE,FALSE,NA
1,18,208,86,1042.61083184751,790.443580307929,2,15,FALSE,FALSE,FALSE,NA
1,18,212,88,1307.15504122726,991.895186996762,2,15,FALSE,FALSE,FALSE,NA
1,18,213,90,1714.3902278764,72.7868486911424,2,15,FALSE,FALSE,FALSE,NA
1,18,214,91,1590.93304993936,1555.51796532712,2,15,FALSE,FALSE,FALSE,NA
1,18,218,105,2845.69678038581,308.554779551043,2,15,FALSE,FALSE,FALSE,NA
1,18,220,110,1260.1678974577,2028.5388761538,2,15,FALSE,FALSE,FALSE,NA
1,18,221,110,1024.62290223331,2097.02441783624,2,15,FALSE,FALSE,FALSE,NA
1,18,222,110,769.085820968444,1748.61220803667,1,15,FALSE,FALSE,FALSE,NA
1,18,223,112,956.005811551307,2884.14816570626,2,15,FALSE,FALSE,FALSE,NA
1,18,224,115,1202.73436493305,1269.38653267212,2,15,FALSE,FALSE,FALSE,NA
1,18,225,115,594.441690626462,515.593286117675,1,15,FALSE,FALSE,FALSE,NA
1,18,226,116,1340.77257178598,1465.32834232645,2,15,FALSE,FALSE,FALSE,NA
1,18,228,121,1843.59920996829,1258.1500561358,2,15,FALSE,FALSE,FALSE,NA
1,18,230,121,1949.52045033083,986.926136497175,2,15,FALSE,FALSE,FALSE,NA
1,18,231,121,1556.14220720709,1375.80977706374,2,15,FALSE,FALSE,FALSE,NA
1,18,234,20,1090.52834397289,1698.15118778148,2,16,FALSE,FALSE,FALSE,NA
1,18,235,20,1264.09123509544,1963.7795728436,2,16,FALSE,FALSE,FALSE,NA
1,18,236,22,750.294056261568,695.284906033443,2,16,FALSE,FALSE,FALSE,NA
1,18,238,27,1494.71147568033,2032.10236105608,2,16,FALSE,FALSE,FALSE,NA
1,18,239,28,1210.02241362203,1327.98901505295,2,16,FALSE,FALSE,FALSE,NA
1,18,241,33,1263.56044728356,1444.16076459094,2,16,FALSE,FALSE,FALSE,NA
1,18,242,34,851.950982762359,1508.92791252484,2,16,FALSE,FALSE,FALSE,NA
1,18,243,37,1362.72934319862,1740.14447072218,2,16,FALSE,FALSE,FALSE,NA
1,18,245,39,1404.88490661445,1840.13097643132,2,16,FALSE,FALSE,FALSE,NA
1,18,247,49,1271.09629041756,1507.65870605951,1,16,FALSE,FALSE,FALSE,NA
1,18,248,49,1484.41804833147,1385.85123501683,2,16,FALSE,FALSE,FALSE,NA
1,18,250,59,1810.27651501864,995.114949144882,2,16,FALSE,FALSE,FALSE,NA
1,18,251,59,1702.89032188318,1096.32527532867,2,16,FALSE,FALSE,FALSE,NA
1,18,252,61,1769.89558705134,1522.76195259525,2,16,FALSE,FALSE,FALSE,NA
1,18,253,62,1619.61565958427,1474.54933939662,2,16,FALSE,FALSE,FALSE,NA
1,18,255,64,976.719316525554,1574.43417863319,2,16,FALSE,FALSE,FALSE,NA
1,18,257,66,1688.48772834171,1767.04593292639,2,16,FALSE,FALSE,FALSE,NA
1,18,258,66,1406.97754128838,1272.49069263481,2,16,FALSE,FALSE,FALSE,NA
1,18,259,66,1315.84257231713,1139.95057669971,2,16,FALSE,FALSE,FALSE,NA
1,18,261,68,700.696500291766,435.003800867073,1,16,FALSE,FALSE,FALSE,NA
1,18,262,69,1151.81244997179,822.196757247253,2,16,FALSE,FALSE,FALSE,NA
1,18,264,71,1812.89972998266,1304.02983744592,2,16,FALSE,FALSE,FALSE,NA
1,18,265,71,1825.73282085962,1530.14728917345,2,16,FALSE,FALSE,FALSE,NA
1,18,266,72,1800.72590257025,2054.76260273971,2,16,FALSE,FALSE,FALSE,NA
1,18,267,72,1348.50911801992,1648.09255055061,2,16,FALSE,FALSE,FALSE,NA
1,18,269,79,1314.16983666691,1185.16025760354,2,16,FALSE,FALSE,FALSE,NA
1,18,270,83,1674.75539622243,2114.83335806047,2,16,FALSE,FALSE,FALSE,NA
1,18,271,83,1697.49062875803,2141.88443074713,2,16,FALSE,FALSE,FALSE,NA
1,18,272,85,1664.40234607081,1831.38692668799,2,16,FALSE,FALSE,FALSE,NA
1,18,273,86,577.950744883453,896.404637437744,2,16,FALSE,FALSE,FALSE,NA
1,18,274,86,1037.92298954658,827.507041844325,2,16,FALSE,FALSE,FALSE,NA
1,18,275,86,1313.59654308846,385.016257814956,2,16,FALSE,FALSE,FALSE,NA
1,18,276,86,1166.58657012883,653.018540465563,1,16,FALSE,FALSE,FALSE,NA
1,18,280,88,1245.07924299496,916.774465715175,2,16,FALSE,FALSE,FALSE,NA
1,18,284,91,2005.8943949176,1481.99994956439,2,16,FALSE,FALSE,FALSE,NA
1,18,285,94,975.135888429946,1441.40292496238,2,16,FALSE,FALSE,FALSE,NA
1,18,287,94,954.304482752828,1594.01641965859,2,16,FALSE,FALSE,FALSE,NA
1,18,288,97,711.132157945681,1739.87588746939,2,16,FALSE,FALSE,FALSE,NA
1,18,289,100,1427.38614368455,1565.02843510511,2,16,FALSE,FALSE,FALSE,NA
1,18,290,102,842.293662241559,2598.30464560481,2,16,FALSE,FALSE,FALSE,NA
1,18,291,104,741.147081725187,1881.51849276682,2,16,FALSE,FALSE,FALSE,NA
1,18,293,105,2080.11495840463,31.6084838282198,2,16,FALSE,FALSE,FALSE,NA
1,18,294,106,636.858594683211,380.443265007975,2,16,FALSE,FALSE,FALSE,NA
1,18,295,106,1689.53610810614,76.7547277930935,2,16,FALSE,FALSE,FALSE,NA
1,18,296,106,640.223818897298,343.005149981965,2,16,FALSE,FALSE,FALSE,NA
1,18,298,111,964.22557938711,2617.30324098026,2,16,FALSE,FALSE,FALSE,NA
1,18,299,112,1145.68053740278,2800.07733072442,2,16,FALSE,FALSE,FALSE,NA
1,18,300,112,1900.13136077391,2530.05548968795,2,16,FALSE,FALSE,FALSE,NA
1,18,301,116,547.558894408364,1518.43459396188,2,16,FALSE,FALSE,FALSE,NA
1,18,302,119,1980.42347398545,871.574456006066,2,16,FALSE,FALSE,FALSE,NA
1,18,303,119,2199.88472236355,1662.93019715292,2,16,FALSE,FALSE,FALSE,NA
1,18,304,120,1631.86136370855,570.070745368804,2,16,FALSE,FALSE,FALSE,NA
1,18,305,120,1716.43261033502,570.639232338149,2,16,FALSE,FALSE,FALSE,NA
1,18,306,120,1733.72366371892,547.332386285934,2,16,FALSE,FALSE,FALSE,NA
1,18,307,120,1752.68806057508,476.318804183718,2,16,FALSE,FALSE,FALSE,NA
1,18,309,121,1943.5073689143,1141.66703302973,2,16,FALSE,FALSE,FALSE,NA
1,18,310,122,2013.36779503675,1311.72802870002,2,16,FALSE,FALSE,FALSE,NA
1,18,311,122,1363.13885044677,1469.26807427646,2,16,FALSE,FALSE,FALSE,NA
1,18,312,124,1295.83777031102,1044.40381476192,2,16,FALSE,FALSE,FALSE,NA
1,18,313,126,1438.7643362876,1436.99117118317,1,16,FALSE,FALSE,FALSE,NA
1,18,314,127,1584.70865883158,1508.67375088431,2,16,FALSE,FALSE,FALSE,NA
1,18,315,127,1194.01735760902,1472.44434230482,2,16,FALSE,FALSE,FALSE,NA
1,18,317,129,1106.78987589224,1902.59690832409,2,16,FALSE,FALSE,FALSE,NA
1,18,318,129,1081.54218992751,1881.31839056829,2,16,FALSE,FALSE,FALSE,NA
1,18,319,130,403.526669245043,69.2777007281252,2,16,FALSE,FALSE,FALSE,NA
1,18,322,132,1476.78582855552,1111.00489599843,2,16,FALSE,FALSE,FALSE,NA
1,18,324,133,2054.24720617671,2280.61936396111,2,16,FALSE,FALSE,FALSE,NA
1,18,325,133,1620.16255214184,2423.05951105118,2,16,FALSE,FALSE,FALSE,NA
1,18,326,133,1656.90071155912,1868.87829064008,1,16,FALSE,FALSE,FALSE,NA
1,18,328,137,1040.98431398193,1872.49236614916,2,16,FALSE,FALSE,FALSE,NA
1,18,330,147,1816.1498101367,1337.18310801619,2,16,FALSE,FALSE,FALSE,NA
1,18,331,147,1735.75628037722,1381.96368707932,2,16,FALSE,FALSE,FALSE,NA
1,18,332,147,1335.44411687977,381.375564727431,2,16,FALSE,FALSE,FALSE,NA
1,18,333,152,1162.96954716158,1355.79240267022,2,16,FALSE,FALSE,FALSE,NA
1,18,334,152,694.687312106956,1705.62187831577,2,16,FALSE,FALSE,FALSE,NA
1,18,336,155,1173.18865455988,1315.36215612519,2,16,FALSE,FALSE,FALSE,NA
1,18,337,155,1030.87727694791,1455.22819255849,2,16,FALSE,FALSE,FALSE,NA
1,18,339,156,860.818164250762,407.102061235291,2,16,FALSE,FALSE,FALSE,NA
1,18,340,158,1078.95121949937,2211.81738963357,2,16,FALSE,FALSE,FALSE,NA
1,18,343,159,1306.6941651841,1988.79104659074,2,16,FALSE,FALSE,FALSE,NA
1,18,344,4,1435.06694280875,1511.32719287348,2,17,FALSE,FALSE,FALSE,NA
1,18,345,4,1018.02959101754,1533.74179192168,1,17,FALSE,FALSE,FALSE,NA
1,18,347,13,1958.30452059987,1492.46699175685,1,17,FALSE,FALSE,FALSE,NA
1,18,348,17,1713.89321223508,1382.74428391361,2,17,FALSE,FALSE,FALSE,NA
1,18,349,19,1369.93959814214,1526.41631450889,2,17,FALSE,FALSE,FALSE,NA
1,18,350,19,1640.14139526919,1482.18477479683,2,17,FALSE,FALSE,FALSE,NA
1,18,351,19,1481.29337228194,1407.56826750381,2,17,FALSE,FALSE,FALSE,NA
1,18,352,22,1134.23553840883,356.705289406839,2,17,FALSE,FALSE,FALSE,NA
1,18,353,22,652.109651240688,645.439973600438,2,17,FALSE,FALSE,FALSE,NA
1,18,354,22,786.235524817341,642.469154211567,2,17,FALSE,FALSE,FALSE,NA
1,18,355,27,1816.72054782608,1970.03093796524,2,17,FALSE,FALSE,FALSE,NA
1,18,356,27,1447.9993723905,2040.87023014328,2,17,FALSE,FALSE,FALSE,NA
1,18,358,45,1032.41062509712,1257.9560963434,2,17,FALSE,FALSE,FALSE,NA
1,18,359,48,1349.38522338095,938.916187432535,2,17,FALSE,FALSE,FALSE,NA
1,18,360,49,1494.22570047702,2127.93529413602,1,17,FALSE,FALSE,FALSE,NA
1,18,361,49,1400.36149700876,1262.16475501709,2,17,FALSE,FALSE,FALSE,NA
1,18,362,49,1262.6774022502,1044.89492879037,2,17,FALSE,FALSE,FALSE,NA
1,18,363,49,775.126970830565,1761.40791725952,1,17,FALSE,FALSE,FALSE,NA
1,18,364,56,2201.89635933332,1978.90479828031,2,17,FALSE,FALSE,FALSE,NA
1,18,365,61,1700.41616106434,868.984885969164,2,17,FALSE,FALSE,FALSE,NA
1,18,367,62,1597.88838441969,1041.35651026793,2,17,FALSE,FALSE,FALSE,NA
1,18,368,63,1348.33380731213,1511.1538598131,2,17,FALSE,FALSE,FALSE,NA
1,18,369,63,1261.27805227445,1525.93919069468,2,17,FALSE,FALSE,FALSE,NA
1,18,370,63,1399.13171885166,1165.35901730438,2,17,FALSE,FALSE,FALSE,NA
1,18,371,63,1538.51625832976,1567.19580046044,1,17,FALSE,FALSE,FALSE,NA
1,18,372,64,1289.52652353515,1192.1761673549,1,17,FALSE,FALSE,FALSE,NA
1,18,374,64,1026.88442185059,1481.83109015583,1,17,FALSE,FALSE,FALSE,NA
1,18,376,66,1776.72768490175,1220.63883189483,1,17,FALSE,FALSE,FALSE,NA
1,18,378,73,1633.8385903571,2633.47635611502,2,17,FALSE,FALSE,FALSE,NA
1,18,379,73,2033.97591629423,2529.56490486061,2,17,FALSE,FALSE,FALSE,NA
1,18,380,79,1244.85869952627,1341.23361507299,1,17,FALSE,FALSE,FALSE,NA
1,18,383,79,1251.88866590717,1559.00026004566,2,17,FALSE,FALSE,FALSE,NA
1,18,385,79,762.477208654895,1640.94770694185,2,17,FALSE,FALSE,FALSE,NA
1,18,386,85,1265.1291683567,1748.25206585505,2,17,FALSE,FALSE,FALSE,NA
1,18,387,85,2003.72691841825,1128.12301244433,2,17,FALSE,FALSE,FALSE,NA
1,18,389,87,1370.04921238219,2247.62427658931,2,17,FALSE,FALSE,FALSE,NA
1,18,390,88,1395.90252534093,978.215063802753,2,17,FALSE,FALSE,FALSE,NA
1,18,391,89,1056.17806187993,1063.30929701425,2,17,FALSE,FALSE,FALSE,NA
1,18,392,91,1377.25236880754,1519.35764032479,2,17,FALSE,FALSE,FALSE,NA
1,18,395,96,1843.94941249685,1210.41814925889,2,17,FALSE,FALSE,FALSE,NA
1,18,397,96,1198.94306958436,1592.08548773454,2,17,FALSE,FALSE,FALSE,NA
1,18,398,97,1006.43459024057,1287.37830137878,2,17,FALSE,FALSE,FALSE,NA
1,18,399,100,1374.57395960393,1477.99474056069,2,17,FALSE,FALSE,FALSE,NA
1,18,400,104,1103.60647463054,1550.59199911825,1,17,FALSE,FALSE,FALSE,NA
1,18,401,111,533.392951414467,2415.32265688635,2,17,FALSE,FALSE,FALSE,NA
1,18,403,115,814.132765736132,1233.82599099,2,17,FALSE,FALSE,FALSE,NA
1,18,404,119,2250.43582634118,1105.37352705133,2,17,FALSE,FALSE,FALSE,NA
1,18,405,119,2327.83194496058,945.897845486294,1,17,FALSE,FALSE,FALSE,NA
1,18,406,119,2341.4396736651,580.354253834375,2,17,FALSE,FALSE,FALSE,NA
1,18,407,119,2286.2176644925,572.180128700875,2,17,FALSE,FALSE,FALSE,NA
1,18,408,119,2450.96207413878,448.41240564561,2,17,FALSE,FALSE,FALSE,NA
1,18,409,120,1146.40387331777,525.437276607888,1,17,FALSE,FALSE,FALSE,NA
1,18,410,120,1614.69435227293,681.904598239636,1,17,FALSE,FALSE,FALSE,NA
1,18,411,121,1699.55400398326,1074.91888767407,2,17,FALSE,FALSE,FALSE,NA
1,18,412,121,1828.99603701901,1174.37439234213,2,17,FALSE,FALSE,FALSE,NA
1,18,414,124,1295.95906328876,1221.73016562055,2,17,FALSE,FALSE,FALSE,NA
1,18,415,124,876.871960312363,1213.93104778743,1,17,FALSE,FALSE,FALSE,NA
1,18,416,126,1377.65573896647,1172.62752873701,1,17,FALSE,FALSE,FALSE,NA
1,18,417,127,1644.12635044714,2159.29581774271,2,17,FALSE,FALSE,FALSE,NA
1,18,418,128,1489.76647086293,1474.36802808736,1,17,FALSE,FALSE,FALSE,NA
1,18,419,128,1469.21762181697,1699.02196745911,1,17,FALSE,FALSE,FALSE,NA
1,18,420,130,666.066875736998,255.950700789859,2,17,FALSE,FALSE,FALSE,NA
1,18,421,133,1665.22965477558,1881.26892941269,2,17,FALSE,FALSE,FALSE,NA
1,18,422,134,1139.63354536751,1088.84702894446,2,17,FALSE,FALSE,FALSE,NA
1,18,423,142,1677.80398285728,2173.11790425201,1,17,FALSE,FALSE,FALSE,NA
1,18,424,142,1362.63413344521,1452.21592993031,2,17,FALSE,FALSE,FALSE,NA
1,18,425,142,1363.01378437987,1775.79170672678,2,17,FALSE,FALSE,FALSE,NA
1,18,426,145,1617.66914889088,972.05181334923,2,17,FALSE,FALSE,FALSE,NA
1,18,427,145,1716.40541559063,873.93267389251,2,17,FALSE,FALSE,FALSE,NA
1,18,428,147,1923.42784091231,1236.78072643231,2,17,FALSE,FALSE,FALSE,NA
1,18,429,147,1802.71110073293,1443.83399320165,2,17,FALSE,FALSE,FALSE,NA
1,18,430,151,1936.11783869631,492.838662363871,2,17,FALSE,FALSE,FALSE,NA
1,18,431,154,1771.2897295324,1183.68588700526,2,17,FALSE,FALSE,FALSE,NA
1,18,432,158,1005.76701991451,2214.42133390799,1,17,FALSE,FALSE,FALSE,NA
1,18,433,158,1096.55307212061,2033.35193603453,2,17,FALSE,FALSE,FALSE,NA
1,18,434,159,983.44148928912,1983.39924433233,2,17,FALSE,FALSE,FALSE,NA
1,18,435,159,1155.79032628877,2098.90358116386,2,17,FALSE,FALSE,FALSE,NA
1,18,436,159,1040.14747962376,1965.06303823191,2,17,FALSE,FALSE,FALSE,NA
1,18,437,162,1131.31668892133,1944.05480602137,1,17,FALSE,FALSE,FALSE,NA
1,18,438,164,1606.18322245485,1437.76295084662,1,17,FALSE,FALSE,FALSE,NA
1,18,439,166,2439.1530482432,2088.9029677263,2,17,FALSE,FALSE,FALSE,NA
1,18,440,166,1349.68779131575,1504.7961898289,2,17,FALSE,FALSE,FALSE,NA
1,18,441,167,1531.08578305408,871.142005141158,2,17,FALSE,FALSE,FALSE,NA
1,18,442,167,1548.32883392897,1027.25563997348,2,17,FALSE,FALSE,FALSE,NA
1,18,443,168,1303.2713245545,1467.56755747653,2,17,FALSE,FALSE,FALSE,NA
1,18,444,170,551.021668013751,530.954276350122,2,17,FALSE,FALSE,FALSE,NA
1,18,445,170,536.090106764387,672.1856070487,1,17,FALSE,FALSE,FALSE,NA
1,18,446,175,1303.82180703426,1279.63363448347,1,17,FALSE,FALSE,FALSE,NA
1,18,447,175,1729.08172557488,1175.67302047918,2,17,FALSE,FALSE,FALSE,NA
1,18,448,175,1357.79928534839,1004.54672368233,1,17,FALSE,FALSE,FALSE,NA
1,18,449,176,1398.76021372874,1675.01276155084,2,17,FALSE,FALSE,FALSE,NA
1,18,450,178,97.5611862128767,1293.93277466142,1,17,FALSE,FALSE,FALSE,NA
1,18,451,179,861.097983750872,1308.92644975854,2,17,FALSE,FALSE,FALSE,NA
1,18,452,179,1001.86072679927,1340.89075458082,2,17,FALSE,FALSE,FALSE,NA
1,18,453,182,816.009027753756,647.82696535223,2,17,FALSE,FALSE,FALSE,NA
1,18,455,187,1848.20384430565,1194.09364260209,2,17,FALSE,FALSE,FALSE,NA
1,18,456,188,1365.02039850686,1397.1817474189,2,17,FALSE,FALSE,FALSE,NA
1,18,457,194,1469.37432558604,1303.64451231937,2,17,FALSE,FALSE,FALSE,NA
1,18,458,195,209.331665721124,2310.09863696431,2,17,FALSE,FALSE,FALSE,NA
1,18,459,197,1012.18213168783,119.922110163538,1,17,FALSE,FALSE,FALSE,NA
1,18,461,209,1527.71411223303,1669.97264565681,2,17,FALSE,FALSE,FALSE,NA
1,18,462,210,1226.98901793579,2196.93963135523,2,17,FALSE,FALSE,FALSE,NA
1,18,464,213,1751.93956032475,192.658519677988,2,17,FALSE,FALSE,FALSE,NA
1,18,465,215,417.110327163321,1743.07156474981,1,17,FALSE,FALSE,FALSE,NA
1,18,466,218,2893.17362164726,416.2175187475,2,17,FALSE,FALSE,FALSE,NA
1,18,468,220,1356.19346155364,1983.82430342841,2,17,FALSE,FALSE,FALSE,NA
1,18,469,221,917.913627745695,2310.49451776037,2,17,FALSE,FALSE,FALSE,NA
1,18,470,223,1342.9184979481,2580.35529888147,2,17,FALSE,FALSE,FALSE,NA
1,18,471,223,969.039447501348,1620.66608064973,2,17,FALSE,FALSE,FALSE,NA
1,18,472,223,1083.75613512123,2720.3603017396,1,17,FALSE,FALSE,FALSE,NA
1,18,473,223,915.054083182393,2853.92107403315,1,17,FALSE,FALSE,FALSE,NA
1,18,474,224,657.465996084362,1187.66376983201,2,17,FALSE,FALSE,FALSE,NA
1,18,476,226,1059.92592571077,1616.63303662762,2,17,FALSE,FALSE,FALSE,NA
1,18,477,231,1212.43504300747,2061.3158751351,2,17,FALSE,FALSE,FALSE,NA
1,18,478,13,1406.10854496171,1791.00197019337,1,18,FALSE,FALSE,FALSE,NA
1,18,479,13,1507.4705979004,1633.19434156372,1,18,FALSE,FALSE,FALSE,NA
1,18,480,13,1238.32646160105,1638.12237996243,1,18,FALSE,FALSE,FALSE,NA
1,18,481,13,1427.66714727517,2003.24840115671,1,18,FALSE,FALSE,FALSE,NA
1,18,482,13,1438.08628859274,1332.76764333555,1,18,FALSE,FALSE,FALSE,NA
1,18,483,19,1473.45487062289,1431.07541476923,1,18,FALSE,FALSE,FALSE,NA
1,18,484,23,1407.48404163943,1342.40333127379,1,18,FALSE,FALSE,FALSE,NA
1,18,485,27,1899.29984375689,1834.91266240672,1,18,FALSE,FALSE,FALSE,NA
1,18,486,38,1387.20168270017,2057.48318484035,1,18,FALSE,FALSE,FALSE,NA
1,18,487,45,901.627933530041,1731.04952324899,1,18,FALSE,FALSE,FALSE,NA
1,18,488,48,770.906922837027,1611.7572780624,1,18,FALSE,FALSE,FALSE,NA
1,18,489,48,1482.27605501188,1100.63835553501,1,18,FALSE,FALSE,FALSE,NA
1,18,490,49,2170.86167315027,1184.22126512922,1,18,FALSE,FALSE,FALSE,NA
1,18,491,52,2033.17027527169,1745.63934337391,1,18,FALSE,FALSE,FALSE,NA
1,18,492,52,2169.62930650373,1578.62903528476,1,18,FALSE,FALSE,FALSE,NA
1,18,493,52,1657.24663106632,1803.44075825581,1,18,FALSE,FALSE,FALSE,NA
1,18,494,52,2032.32253518572,1772.04134774454,1,18,FALSE,FALSE,FALSE,NA
1,18,495,59,1942.58992800321,1424.56691115099,1,18,FALSE,FALSE,FALSE,NA
1,18,496,61,1839.03073613544,1498.04118925739,1,18,FALSE,FALSE,FALSE,NA
1,18,497,62,1882.08588696532,1014.31784310864,1,18,FALSE,FALSE,FALSE,NA
1,18,498,62,1326.23883788901,1069.42129811181,1,18,FALSE,FALSE,FALSE,NA
1,18,499,63,1103.0144099071,1115.7698070161,1,18,FALSE,FALSE,FALSE,NA
1,18,500,63,969.26976726128,1511.16463002805,1,18,FALSE,FALSE,FALSE,NA
1,18,501,66,1462.73340628277,1526.34630695016,1,18,FALSE,FALSE,FALSE,NA
1,18,502,66,1768.21432414428,1727.16815140574,1,18,FALSE,FALSE,FALSE,NA
1,18,503,71,1848.69308745745,1242.60559580145,1,18,FALSE,FALSE,FALSE,NA
1,18,504,76,1157.2053304854,2022.33686410039,1,18,FALSE,FALSE,FALSE,NA
1,18,505,79,1752.52659394168,1285.45220607667,1,18,FALSE,FALSE,FALSE,NA
1,18,506,89,923.486362149444,884.42539725834,1,18,FALSE,FALSE,FALSE,NA
1,18,507,96,1348.80791135943,1382.38361035137,1,18,FALSE,FALSE,FALSE,NA
1,18,508,96,1329.87841694182,1413.20739732011,1,18,FALSE,FALSE,FALSE,NA
1,18,509,96,1346.69608244988,1332.08391337532,1,18,FALSE,FALSE,FALSE,NA
1,18,510,99,745.717430431516,1389.88394480489,1,18,FALSE,FALSE,FALSE,NA
1,18,511,99,790.731225962548,1480.91048799743,1,18,FALSE,FALSE,FALSE,NA
1,18,512,104,1056.65468191871,1571.28050599776,1,18,FALSE,FALSE,FALSE,NA
1,18,513,104,1117.46816566086,1998.06091805003,1,18,FALSE,FALSE,FALSE,NA
1,18,514,105,2385.00724596125,485.919934449748,1,18,FALSE,FALSE,FALSE,NA
1,18,515,111,828.085223189753,2651.91863545791,1,18,FALSE,FALSE,FALSE,NA
1,18,516,112,1081.61945488047,2720.23797791459,1,18,FALSE,FALSE,FALSE,NA
1,18,517,115,1059.78969901261,953.736553491371,1,18,FALSE,FALSE,FALSE,NA
1,18,518,119,2501.18788797366,928.733333176115,1,18,FALSE,FALSE,FALSE,NA
1,18,519,120,1504.82502819773,287.179951753707,1,18,FALSE,FALSE,FALSE,NA
1,18,520,121,1791.8001751525,1296.74210950121,1,18,FALSE,FALSE,FALSE,NA
1,18,521,128,1232.13712004503,1423.36649297687,1,18,FALSE,FALSE,FALSE,NA
1,18,522,128,1646.30880840205,1300.7965913865,1,18,FALSE,FALSE,FALSE,NA
1,18,523,130,715.754741209496,496.711604834881,1,18,FALSE,FALSE,FALSE,NA
1,18,524,130,970.701735048241,199.73496618449,1,18,FALSE,FALSE,FALSE,NA
1,18,525,130,538.895319187552,335.68398385523,1,18,FALSE,FALSE,FALSE,NA
1,18,526,130,518.367147772347,352.288424979716,1,18,FALSE,FALSE,FALSE,NA
1,18,527,131,864.632787520172,561.229246790064,1,18,FALSE,FALSE,FALSE,NA
1,18,528,131,668.270012802313,384.032222370709,1,18,FALSE,FALSE,FALSE,NA
1,18,529,131,945.533059080687,856.955199317717,1,18,FALSE,FALSE,FALSE,NA
1,18,530,131,877.425840426538,279.330920072676,1,18,FALSE,FALSE,FALSE,NA
1,18,531,134,1241.89633973933,1572.58674768927,1,18,FALSE,FALSE,FALSE,NA
1,18,532,134,1438.21275797887,1424.67079712756,1,18,FALSE,FALSE,FALSE,NA
1,18,533,136,1517.34140382345,1335.99724818289,1,18,FALSE,FALSE,FALSE,NA
1,18,534,136,1245.68241323651,1438.29512610891,1,18,FALSE,FALSE,FALSE,NA
1,18,535,140,1046.26250958554,1771.85070306039,1,18,FALSE,FALSE,FALSE,NA
1,18,536,140,1220.39673711894,1606.8708004639,1,18,FALSE,FALSE,FALSE,NA
1,18,537,141,1069.26236508243,1896.67049761573,1,18,FALSE,FALSE,FALSE,NA
1,18,538,142,1438.37783210985,1927.94426325625,1,18,FALSE,FALSE,FALSE,NA
1,18,539,143,1323.23838226525,1936.68028891151,1,18,FALSE,FALSE,FALSE,NA
1,18,540,143,1277.35555082146,2020.4033834199,1,18,FALSE,FALSE,FALSE,NA
1,18,541,147,1778.62272712321,1449.21463573457,1,18,FALSE,FALSE,FALSE,NA
1,18,542,147,1825.99449799703,1165.45137216299,1,18,FALSE,FALSE,FALSE,NA
1,18,543,147,1828.40092405683,1410.42297888648,1,18,FALSE,FALSE,FALSE,NA
1,18,544,154,1589.75333873047,1648.32874443685,1,18,FALSE,FALSE,FALSE,NA
1,18,545,155,1037.81325611454,1546.78305640882,1,18,FALSE,FALSE,FALSE,NA
1,18,546,155,1018.82995681751,1630.60725819073,1,18,FALSE,FALSE,FALSE,NA
1,18,547,157,400.561286619788,2376.79508241125,1,18,FALSE,FALSE,FALSE,NA
1,18,548,159,1249.82572089661,1979.90545737468,1,18,FALSE,FALSE,FALSE,NA
1,18,549,159,971.849125354611,1917.41241948306,1,18,FALSE,FALSE,FALSE,NA
1,18,550,161,1218.30182738333,1735.25306672574,1,18,FALSE,FALSE,FALSE,NA
1,18,551,162,1271.42659484707,1740.57351147791,1,18,FALSE,FALSE,FALSE,NA
1,18,552,162,923.099919905505,1841.65693062894,1,18,FALSE,FALSE,FALSE,NA
1,18,553,163,2006.60028798918,1821.76728692074,1,18,FALSE,FALSE,FALSE,NA
1,18,554,163,1831.98151276867,2068.60025210973,1,18,FALSE,FALSE,FALSE,NA
1,18,555,164,1476.59942590161,1599.02110228994,1,18,FALSE,FALSE,FALSE,NA
1,18,556,165,1146.91498643538,1981.61524204079,1,18,FALSE,FALSE,FALSE,NA
1,18,557,165,1160.64738536721,1703.51966671008,1,18,FALSE,FALSE,FALSE,NA
1,18,558,165,1146.60990414862,1755.34830470737,1,18,FALSE,FALSE,FALSE,NA
1,18,559,166,962.633209482331,1601.0812121575,1,18,FALSE,FALSE,FALSE,NA
1,18,560,166,1421.16401226449,1489.1287754364,1,18,FALSE,FALSE,FALSE,NA
1,18,561,166,1238.96811206004,1541.08564968969,1,18,FALSE,FALSE,FALSE,NA
1,18,562,169,896.763256927097,1696.86128089841,1,18,FALSE,FALSE,FALSE,NA
1,18,563,170,450.93225608295,704.371851851625,1,18,FALSE,FALSE,FALSE,NA
1,18,564,171,1481.86769717344,1896.92669212086,1,18,FALSE,FALSE,FALSE,NA
1,18,565,175,1668.09410254868,1284.57242195677,1,18,FALSE,FALSE,FALSE,NA
1,18,566,175,1652.62050574966,1056.33744964426,1,18,FALSE,FALSE,FALSE,NA
1,18,567,178,950.09314920634,1296.78370468547,1,18,FALSE,FALSE,FALSE,NA
1,18,568,179,1092.91866574013,1325.18642142107,1,18,FALSE,FALSE,FALSE,NA
1,18,569,179,1564.52404950731,195.641138564548,1,18,FALSE,FALSE,FALSE,NA
1,18,570,180,1398.32604339157,1000.74676476827,1,18,FALSE,FALSE,FALSE,NA
1,18,571,180,1001.99834783098,713.55410564323,1,18,FALSE,FALSE,FALSE,NA
1,18,572,180,948.689936031853,1169.90822997139,1,18,FALSE,FALSE,FALSE,NA
1,18,573,180,1163.45636724233,832.551877982102,1,18,FALSE,FALSE,FALSE,NA
1,18,574,180,1026.56878361886,933.641981972576,1,18,FALSE,FALSE,FALSE,NA
1,18,575,183,1144.13487008205,1417.67672508819,1,18,FALSE,FALSE,FALSE,NA
1,18,576,188,1328.93006506144,1271.56265782221,1,18,FALSE,FALSE,FALSE,NA
1,18,577,190,1594.76052267896,1327.15368686297,1,18,FALSE,FALSE,FALSE,NA
1,18,578,190,1624.36155989151,1271.89110980477,1,18,FALSE,FALSE,FALSE,NA
1,18,579,191,1336.27832578701,1085.36286499413,1,18,FALSE,FALSE,FALSE,NA
1,18,580,194,1905.38127107323,263.49058885584,1,18,FALSE,FALSE,FALSE,NA
1,18,581,197,1002.89055675606,254.613810527407,1,18,FALSE,FALSE,FALSE,NA
1,18,582,204,1197.95652916586,1362.02890575555,1,18,FALSE,FALSE,FALSE,NA
1,18,583,205,1280.89436766883,2483.97176914334,1,18,FALSE,FALSE,FALSE,NA
1,18,584,205,1185.25350989219,2331.67846420483,1,18,FALSE,FALSE,FALSE,NA
1,18,585,207,969.106747709783,747.159427360087,1,18,FALSE,FALSE,FALSE,NA
1,18,586,209,1629.77625122669,1921.05406917855,1,18,FALSE,FALSE,FALSE,NA
1,18,587,212,1311.61603180144,1027.11329732577,1,18,FALSE,FALSE,FALSE,NA
1,18,588,213,1741.30440394458,79.0522523139747,1,18,FALSE,FALSE,FALSE,NA
1,18,589,218,2852.92203174348,242.195409147648,1,18,FALSE,FALSE,FALSE,NA
1,18,590,220,1382.01873905843,2252.96630566254,1,18,FALSE,FALSE,FALSE,NA
1,18,591,221,1127.20260287529,2025.79017393335,1,18,FALSE,FALSE,FALSE,NA
1,18,592,223,1123.51436923834,2975.81339714747,1,18,FALSE,FALSE,FALSE,NA
1,18,593,224,1228.12840383899,1203.01855466917,1,18,FALSE,FALSE,FALSE,NA
1,18,594,224,1360.59843700227,1150.50382139337,1,18,FALSE,FALSE,FALSE,NA
1,18,595,226,1351.97250515996,1503.30913656859,1,18,FALSE,FALSE,FALSE,NA
1,18,596,228,1217.6220553646,337.218540974186,1,18,FALSE,FALSE,FALSE,NA
1,18,597,228,1304.29301041074,858.009398360324,1,18,FALSE,FALSE,FALSE,NA
1,18,598,229,2045.12484172171,1072.79140513862,1,18,FALSE,FALSE,FALSE,NA
1,18,599,233,1840.82857529686,1363.42277807674,1,18,FALSE,FALSE,FALSE,NA
1,18,600,233,1528.16669867371,1397.08670272239,1,18,FALSE,FALSE,FALSE,NA
1,18,601,233,1973.38602164597,1344.35112379692,1,18,FALSE,FALSE,FALSE,NA
1,18,602,233,1632.2252459282,1431.8937873388,1,18,FALSE,FALSE,FALSE,NA
1,18,603,235,1291.01977801459,1986.1352143438,1,18,FALSE,FALSE,FALSE,NA
1,18,604,236,891.758864984913,691.362044380881,1,18,FALSE,FALSE,FALSE,NA
1,18,605,236,924.745123647608,601.174869663947,1,18,FALSE,FALSE,FALSE,NA
1,18,606,239,1400.06354345156,1440.31325251,1,18,FALSE,FALSE,FALSE,NA
1,18,607,239,1485.87642877444,1079.51741038278,1,18,FALSE,FALSE,FALSE,NA
1,18,608,242,1233.22497473103,1717.49014486139,1,18,FALSE,FALSE,FALSE,NA
1,18,609,242,542.701633782663,2409.0931164466,1,18,FALSE,FALSE,FALSE,NA
1,18,610,248,1241.3481897999,1327.86347697609,1,18,FALSE,FALSE,FALSE,NA
1,18,611,249,1569.3727476035,2157.79530305127,1,18,FALSE,FALSE,FALSE,NA
1,18,612,249,1950.94364680256,2253.52804089013,1,18,FALSE,FALSE,FALSE,NA
1,18,613,249,2104.72516922216,2047.89307835222,1,18,FALSE,FALSE,FALSE,NA
1,18,614,250,1981.46337728994,1049.47753331319,1,18,FALSE,FALSE,FALSE,NA
1,18,615,250,1812.92067718466,991.448312805356,1,18,FALSE,FALSE,FALSE,NA
1,18,616,250,1948.0846816264,1015.22251196155,1,18,FALSE,FALSE,FALSE,NA
1,18,617,251,1656.01886775722,1147.43935525575,1,18,FALSE,FALSE,FALSE,NA
1,18,618,251,2083.22469979271,712.92217621099,1,18,FALSE,FALSE,FALSE,NA
1,18,619,252,1730.26312863216,1518.4780060893,1,18,FALSE,FALSE,FALSE,NA
1,18,620,252,1548.00988987844,1240.6548638013,1,18,FALSE,FALSE,FALSE,NA
1,18,621,253,1300.7079866082,1646.97184407704,1,18,FALSE,FALSE,FALSE,NA
1,18,622,257,1423.03955436943,1918.69925677845,1,18,FALSE,FALSE,FALSE,NA
1,18,623,257,1624.96302236836,1810.17570269264,1,18,FALSE,FALSE,FALSE,NA
1,18,624,258,1484.49089691234,1506.51401143428,1,18,FALSE,FALSE,FALSE,NA
1,18,625,258,1852.45969987632,1307.70222473435,1,18,FALSE,FALSE,FALSE,NA
1,18,626,259,1214.55835906212,1239.93114097955,1,18,FALSE,FALSE,FALSE,NA
1,18,627,259,1372.11168201436,1274.16054022033,1,18,FALSE,FALSE,FALSE,NA
1,18,628,259,1363.15036355792,1190.99640633176,1,18,FALSE,FALSE,FALSE,NA
1,18,629,264,2026.56531268874,978.037194939854,1,18,FALSE,FALSE,FALSE,NA
1,18,630,268,725.705107115556,1369.7596322233,1,18,FALSE,FALSE,FALSE,NA
1,18,631,269,1309.55287570991,1234.82359213902,1,18,FALSE,FALSE,FALSE,NA
1,18,632,270,1806.81459307863,2296.13148518661,1,18,FALSE,FALSE,FALSE,NA
1,18,633,270,1636.12858678942,2503.8957305309,1,18,FALSE,FALSE,FALSE,NA
1,18,634,270,1720.98129496916,2045.37823885527,1,18,FALSE,FALSE,FALSE,NA
1,18,635,271,1786.93793140017,1912.58645810399,1,18,FALSE,FALSE,FALSE,NA
1,18,636,271,1459.95072732505,1907.42868837015,1,18,FALSE,FALSE,FALSE,NA
1,18,637,273,896.823739651304,1102.28537672969,1,18,FALSE,FALSE,FALSE,NA
1,18,638,273,614.220288028739,884.535929597779,1,18,FALSE,FALSE,FALSE,NA
1,18,639,273,361.576407132296,1209.5580203221,1,18,FALSE,FALSE,FALSE,NA
1,18,640,274,1105.50550564593,731.558418031478,1,18,FALSE,FALSE,FALSE,NA
1,18,641,275,1385.65518170009,475.592294146584,1,18,FALSE,FALSE,FALSE,NA
1,18,642,280,1261.40514427681,611.731126188606,1,18,FALSE,FALSE,FALSE,NA
1,18,643,280,1333.65431272942,952.027972027769,1,18,FALSE,FALSE,FALSE,NA
1,18,644,281,1226.84025948655,1882.1021581656,1,18,FALSE,FALSE,FALSE,NA
1,18,645,281,1193.61533474707,1838.5948526157,1,18,FALSE,FALSE,FALSE,NA
1,18,646,281,1499.12048603078,1744.49990421431,1,18,FALSE,FALSE,FALSE,NA
1,18,647,281,807.712306134141,1330.23859159838,1,18,FALSE,FALSE,FALSE,NA
1,18,648,287,1248.86668440279,1368.92261984658,1,18,FALSE,FALSE,FALSE,NA
1,18,649,288,719.632638203296,1816.19465481671,1,18,FALSE,FALSE,FALSE,NA
1,18,650,288,726.361792853505,1062.58184146018,1,18,FALSE,FALSE,FALSE,NA
1,18,651,288,828.122389597757,1806.86927287461,1,18,FALSE,FALSE,FALSE,NA
1,18,652,288,822.913062050942,1753.39313028048,1,18,FALSE,FALSE,FALSE,NA
1,18,653,290,1017.51894826898,2172.37003729745,1,18,FALSE,FALSE,FALSE,NA
1,18,654,290,2244.00727998676,2692.94713121922,1,18,FALSE,FALSE,FALSE,NA
1,18,655,290,894.08470813059,2710.96030436302,1,18,FALSE,FALSE,FALSE,NA
1,18,656,291,743.6325854316,1852.54700051882,1,18,FALSE,FALSE,FALSE,NA
1,18,657,292,2226.9784735865,759.063931333274,1,18,FALSE,FALSE,FALSE,NA
1,18,658,292,2306.3696921763,797.497548487768,1,18,FALSE,FALSE,FALSE,NA
1,18,659,292,2276.03332015531,829.406216125629,1,18,FALSE,FALSE,FALSE,NA
1,18,660,293,2079.10614334519,15.462386938414,1,18,FALSE,FALSE,FALSE,NA
1,18,661,293,1994.18939111989,103.311721877668,1,18,FALSE,FALSE,FALSE,NA
1,18,662,293,2625.45144311237,313.225594918506,1,18,FALSE,FALSE,FALSE,NA
1,18,663,296,784.619392265433,768.101355150252,1,18,FALSE,FALSE,FALSE,NA
1,18,664,296,653.415727854202,321.879528527739,1,18,FALSE,FALSE,FALSE,NA
1,18,665,300,1870.8551097427,2853.11412393808,1,18,FALSE,FALSE,FALSE,NA
1,18,666,301,560.693987478739,1484.55655193913,1,18,FALSE,FALSE,FALSE,NA
1,18,667,301,483.801817260293,1478.35799751656,1,18,FALSE,FALSE,FALSE,NA
1,18,668,302,2158.90725513803,964.342105509594,1,18,FALSE,FALSE,FALSE,NA
1,18,669,303,2372.29698271346,1469.64309956626,1,18,FALSE,FALSE,FALSE,NA
1,18,670,303,2901.01797945772,1233.39168250443,1,18,FALSE,FALSE,FALSE,NA
1,18,671,303,2162.4005920419,1686.09589703865,1,18,FALSE,FALSE,FALSE,NA
1,18,672,304,2048.92279130195,747.211333731392,1,18,FALSE,FALSE,FALSE,NA
1,18,673,305,1962.80803718841,661.067610483439,1,18,FALSE,FALSE,FALSE,NA
1,18,674,306,1754.77975934646,501.298065585738,1,18,FALSE,FALSE,FALSE,NA
1,18,675,306,1780.91518832956,573.445062394408,1,18,FALSE,FALSE,FALSE,NA
1,18,676,307,1753.50760368552,476.982082275872,1,18,FALSE,FALSE,FALSE,NA
1,18,677,307,1589.60113289677,570.640895669946,1,18,FALSE,FALSE,FALSE,NA
1,18,678,309,2094.60062381672,913.821668601767,1,18,FALSE,FALSE,FALSE,NA
1,18,679,309,1882.67192606112,1497.00043479864,1,18,FALSE,FALSE,FALSE,NA
1,18,680,314,1475.36851115839,1366.03239605315,1,18,FALSE,FALSE,FALSE,NA
1,18,681,318,1389.5475976629,1611.06773289627,1,18,FALSE,FALSE,FALSE,NA
1,18,682,319,737.412553657364,162.354423522318,1,18,FALSE,FALSE,FALSE,NA
1,18,683,319,432.782147446357,83.4395184095609,1,18,FALSE,FALSE,FALSE,NA
1,18,684,322,1262.65370135621,585.965895541616,1,18,FALSE,FALSE,FALSE,NA
1,18,685,323,1714.37795587271,2281.64005265534,1,18,FALSE,FALSE,FALSE,NA
1,18,686,325,1249.87667451819,1692.33114387368,1,18,FALSE,FALSE,FALSE,NA
1,18,687,330,1493.20432804281,1560.13680742674,1,18,FALSE,FALSE,FALSE,NA
1,18,688,330,1462.46064326304,1312.03432651268,1,18,FALSE,FALSE,FALSE,NA
1,18,689,330,2032.13558048122,1531.21189623285,1,18,FALSE,FALSE,FALSE,NA
1,18,690,331,1739.90214513121,1522.58517477981,1,18,FALSE,FALSE,FALSE,NA
1,18,691,333,490.381877497559,2197.06815252988,1,18,FALSE,FALSE,FALSE,NA
1,18,692,335,1872.39931570422,1278.10695699099,1,18,FALSE,FALSE,FALSE,NA
1,18,693,337,982.457845645225,1489.23543579066,1,18,FALSE,FALSE,FALSE,NA
1,18,694,340,852.454233980734,2101.75037382218,1,18,FALSE,FALSE,FALSE,NA
1,18,695,340,852.603885296104,2210.6077338681,1,18,FALSE,FALSE,FALSE,NA
