"perm","timestep","event","point_id","parent_id","x","y","stage_from","stage_to","detail","provisional_x","provisional_y","habitat","habitat_nudged"
1,1,"death",2,NA,1500,1500,2,NA,"transition_matrix_mortality",NA,NA,NA,NA
1,1,"stage_transition",1,NA,1460.24722517779,1541.71960030143,1,2,"transition_kernel",1460.24722517779,1541.71960030143,1,FALSE
1,2,"death",1,NA,1460.24722517779,1541.71960030143,2,NA,"transition_matrix_mortality",NA,NA,NA,NA
1,2,"establishment",3,1,1508.99534140257,1335.32932422838,2,1,"SDD",1508.99534140257,1335.32932422838,1,FALSE
1,2,"establishment",4,1,1429.1118595378,1524.40984668607,2,1,"SDD",1429.1118595378,1524.40984668607,1,FALSE
1,2,"establishment",5,1,1427.24645923562,1450.90246435846,2,1,"SDD",1427.24645923562,1450.90246435846,1,FALSE
1,3,"death",3,1,1508.99534140257,1335.32932422838,1,NA,"transition_matrix_mortality",NA,NA,NA,NA
1,3,"stage_transition",4,1,1474.25620741753,1516.39056316706,1,2,"transition_kernel",1474.25620741753,1516.39056316706,1,FALSE
1,4,"establishment",6,4,1541.93743230732,1713.01602685022,2,1,"SDD",1541.93743230732,1713.01602685022,1,FALSE
1,4,"establishment",7,4,1366.85328369518,1705.71009389257,2,1,"SDD",1366.85328369518,1705.71009389257,1,FALSE
1,4,"establishment",8,4,1297.53420078233,1483.23510400088,2,1,"SDD",1297.53420078233,1483.23510400088,1,FALSE
1,5,"stage_transition",7,4,1359.20336608888,1703.38898559712,1,2,"transition_kernel",1359.20336608888,1703.38898559712,1,FALSE
1,5,"stage_transition",8,4,1297.93623151475,1495.28074186295,1,2,"transition_kernel",1297.93623151475,1495.28074186295,1,FALSE
1,6,"death",6,4,1541.93743230732,1713.01602685022,1,NA,"transition_matrix_mortality",NA,NA,NA,NA
1,6,"death",8,4,1297.93623151475,1495.28074186295,2,NA,"transition_matrix_mortality",NA,NA,NA,NA
1,6,"establishment",9,4,1532.24119348203,1573.46508956019,2,1,"SDD",1532.24119348203,1573.46508956019,1,FALSE
1,6,"establishment",10,4,1453.63328363178,1541.98309166318,2,1,"SDD",1453.63328363178,1541.98309166318,1,FALSE
1,7,"stage_transition",5,1,1444.3313852092,1453.17304960665,1,2,"transition_kernel",1444.3313852092,1453.17304960665,1,FALSE
1,7,"stage_transition",9,4,1514.82197541196,1591.48941738446,1,2,"transition_kernel",1514.82197541196,1591.48941738446,1,FALSE
1,7,"establishment",11,4,1534.43767124716,1456.58409925797,2,1,"SDD",1534.43767124716,1456.58409925797,1,FALSE
1,7,"establishment",12,7,1380.18517655458,1656.75746471539,2,1,"SDD",1380.18517655458,1656.75746471539,1,FALSE
1,8,"death",10,4,1453.63328363178,1541.98309166318,1,NA,"transition_matrix_mortality",NA,NA,NA,NA
1,8,"stage_transition",11,4,1512.70635318818,1583.36865557161,1,2,"transition_kernel",1512.70635318818,1583.36865557161,1,FALSE
1,8,"stage_transition",12,7,1455.80557687143,1655.88938098484,1,2,"transition_kernel",1455.80557687143,1655.88938098484,1,FALSE
1,8,"establishment",13,4,1463.94117023428,1610.71921945313,2,1,"SDD",1463.94117023428,1610.71921945313,1,FALSE
1,8,"establishment",14,5,1366.92148736488,1462.54078576133,2,1,"SDD",1366.92148736488,1462.54078576133,1,FALSE
1,8,"establishment",15,7,1237.36676302603,1694.93777610561,2,1,"SDD",1237.36676302603,1694.93777610561,1,FALSE
1,9,"death",7,4,1359.20336608888,1703.38898559712,2,NA,"transition_matrix_mortality",NA,NA,NA,NA
1,9,"death",12,7,1455.80557687143,1655.88938098484,2,NA,"transition_matrix_mortality",NA,NA,NA,NA
1,9,"stage_transition",13,4,1433.50117644731,1748.94270948081,1,2,"transition_kernel",1433.50117644731,1748.94270948081,1,FALSE
1,9,"stage_transition",14,5,1329.87624723156,1488.47337762524,1,2,"transition_kernel",1329.87624723156,1488.47337762524,1,FALSE
1,9,"stage_transition",15,7,1155.65082252031,1692.59972239259,1,2,"transition_kernel",1155.65082252031,1692.59972239259,1,FALSE
1,9,"establishment",16,4,1667.85544230693,1604.07524105264,2,1,"SDD",1667.85544230693,1604.07524105264,1,FALSE
1,9,"establishment",17,5,1590.3274378687,1469.54991664828,2,1,"SDD",1590.3274378687,1469.54991664828,1,FALSE
1,9,"establishment",18,5,1509.47376944957,1298.38302212093,2,1,"SDD",1509.47376944957,1298.38302212093,1,FALSE
1,9,"establishment",19,5,1511.56347627385,1516.19672921017,2,1,"SDD",1511.56347627385,1516.19672921017,1,FALSE
1,9,"establishment",20,7,1337.67462367795,1907.74151997416,2,1,"SDD",1337.67462367795,1907.74151997416,1,FALSE
1,9,"establishment",21,7,1594.29957847484,1795.08278901275,2,1,"SDD",1594.29957847484,1795.08278901275,1,FALSE
1,9,"establishment",22,9,784.690765861101,839.683701728802,2,1,"SDD",784.690765861101,839.683701728802,1,FALSE
1,9,"establishment",23,9,1479.18721189032,1237.3491511134,2,1,"SDD",1479.18721189032,1237.3491511134,1,FALSE
1,9,"establishment",24,9,1863.31588721357,1178.05084502079,2,1,"SDD",1863.31588721357,1178.05084502079,1,FALSE
1,9,"establishment",25,11,1554.67802146486,1813.36879697323,2,1,"SDD",1554.67802146486,1813.36879697323,1,FALSE
1,10,"stage_transition",16,4,1648.26447156108,1574.47429117602,1,2,"transition_kernel",1648.26447156108,1574.47429117602,1,FALSE
1,10,"stage_transition",18,5,1523.86997877857,1195.65935414681,1,2,"transition_kernel",1523.86997877857,1195.65935414681,1,FALSE
1,10,"stage_transition",19,5,1540.24026513888,1459.58941649654,1,2,"transition_kernel",1540.24026513888,1459.58941649654,1,FALSE
1,10,"stage_transition",21,7,1594.4375393662,1775.3995184088,1,2,"transition_kernel",1594.4375393662,1775.3995184088,1,FALSE
1,10,"stage_transition",23,9,1506.55706017366,1234.37453867278,1,2,"transition_kernel",1506.55706017366,1234.37453867278,1,FALSE
1,10,"establishment",26,5,1475.43841625123,1457.48314111271,2,1,"SDD",1475.43841625123,1457.48314111271,1,FALSE
1,10,"establishment",27,9,1553.63520016337,1830.16468985257,2,1,"SDD",1553.63520016337,1830.16468985257,1,FALSE
1,10,"establishment",28,11,1348.73946900304,1461.31322360451,2,1,"SDD",1348.73946900304,1461.31322360451,1,FALSE
1,10,"establishment",29,11,1721.35198485995,1613.33659697605,2,1,"SDD",1721.35198485995,1613.33659697605,1,FALSE
1,10,"establishment",30,14,1236.64312748154,1657.54221264819,2,1,"SDD",1236.64312748154,1657.54221264819,1,FALSE
1,10,"establishment",31,15,1142.44896294395,1705.92926669867,2,1,"SDD",1142.44896294395,1705.92926669867,1,FALSE
1,10,"establishment",32,15,725.379335178001,1905.54888735496,2,1,"SDD",725.379335178001,1905.54888735496,1,FALSE
1,10,"establishment",33,15,1295.33237776329,1508.39545619039,2,1,"SDD",1295.33237776329,1508.39545619039,1,FALSE
1,10,"establishment",34,15,961.38039366982,1757.01440947146,2,1,"SDD",961.38039366982,1757.01440947146,1,FALSE
1,11,"death",11,4,1512.70635318818,1583.36865557161,2,NA,"transition_matrix_mortality",NA,NA,NA,NA
1,11,"death",15,7,1155.65082252031,1692.59972239259,2,NA,"transition_matrix_mortality",NA,NA,NA,NA
1,11,"death",21,7,1594.4375393662,1775.3995184088,2,NA,"transition_matrix_mortality",NA,NA,NA,NA
1,11,"death",26,5,1475.43841625123,1457.48314111271,1,NA,"transition_matrix_mortality",NA,NA,NA,NA
1,11,"death",30,14,1236.64312748154,1657.54221264819,1,NA,"transition_matrix_mortality",NA,NA,NA,NA
1,11,"stage_transition",20,7,1335.95661400001,1901.85688895907,1,2,"transition_kernel",1335.95661400001,1901.85688895907,1,FALSE
1,11,"stage_transition",22,9,769.761206551756,776.365576737845,1,2,"transition_kernel",769.761206551756,776.365576737845,1,FALSE
1,11,"stage_transition",24,9,1852.2622422083,1199.0706984636,1,2,"transition_kernel",1852.2622422083,1199.0706984636,1,FALSE
1,11,"stage_transition",25,11,1547.21873124554,1788.01580955159,1,2,"transition_kernel",1547.21873124554,1788.01580955159,1,FALSE
1,11,"stage_transition",27,9,1562.29359134906,1812.09677157641,1,2,"transition_kernel",1562.29359134906,1812.09677157641,1,FALSE
1,11,"stage_transition",28,11,1345.75067272737,1461.59030285179,1,2,"transition_kernel",1345.75067272737,1461.59030285179,1,FALSE
1,11,"stage_transition",29,11,1717.86553589625,1613.73738089727,1,2,"transition_kernel",1717.86553589625,1613.73738089727,1,FALSE
1,11,"stage_transition",31,15,1175.60763360288,1633.56068106508,1,2,"transition_kernel",1175.60763360288,1633.56068106508,1,FALSE
1,11,"stage_transition",32,15,838.081226707965,1909.13830550844,1,2,"transition_kernel",838.081226707965,1909.13830550844,1,FALSE
1,11,"stage_transition",34,15,940.138917545973,1788.54211326201,1,2,"transition_kernel",940.138917545973,1788.54211326201,1,FALSE
1,11,"establishment",35,5,1194.14830557052,345.204440069572,2,1,"SDD",1194.14830557052,345.204440069572,1,FALSE
1,11,"establishment",36,9,382.631788902113,272.910248888823,2,1,"SDD",382.631788902113,272.910248888823,1,FALSE
1,11,"establishment",37,13,1422.30916093061,1849.34654948884,2,1,"SDD",1422.30916093061,1849.34654948884,1,FALSE
1,11,"establishment",38,13,1287.25693556636,1641.49597060798,2,1,"SDD",1287.25693556636,1641.49597060798,1,FALSE
1,11,"establishment",39,13,1563.76023779649,1587.85665996415,2,1,"SDD",1563.76023779649,1587.85665996415,1,FALSE
1,11,"establishment",40,15,1243.40047503978,1696.02092569517,2,1,"SDD",1243.40047503978,1696.02092569517,1,FALSE
1,11,"establishment",41,15,1155.42957139645,1578.39662050646,2,1,"SDD",1155.42957139645,1578.39662050646,1,FALSE
1,11,"establishment",42,15,841.904942415776,2178.82931944812,2,1,"SDD",841.904942415776,2178.82931944812,1,FALSE
1,11,"establishment",43,15,1333.50372618023,1496.85827158686,2,1,"SDD",1333.50372618023,1496.85827158686,1,FALSE
1,11,"establishment",44,15,1230.82240998952,2081.54195595169,2,1,"SDD",1230.82240998952,2081.54195595169,1,FALSE
1,11,"establishment",45,16,1050.21665518793,1312.66977542297,2,1,"SDD",1050.21665518793,1312.66977542297,1,FALSE
1,11,"establishment",46,18,1118.83379173277,818.818616654113,2,1,"SDD",1118.83379173277,818.818616654113,1,FALSE
1,11,"establishment",47,18,1527.28342723764,1191.77469011633,2,1,"SDD",1527.28342723764,1191.77469011633,1,FALSE
1,11,"establishment",48,18,1196.38100715935,1085.34681143047,2,1,"SDD",1196.38100715935,1085.34681143047,1,FALSE
1,11,"establishment",49,18,1515.8735653162,1250.25828657735,2,1,"SDD",1515.8735653162,1250.25828657735,1,FALSE
1,11,"establishment",50,19,1319.4189886316,1431.42318194883,2,1,"SDD",1319.4189886316,1431.42318194883,1,FALSE
1,11,"establishment",51,21,1603.88472340469,1780.14613177949,2,1,"SDD",1603.88472340469,1780.14613177949,1,FALSE
1,11,"establishment",52,21,1595.69931188614,1714.85148792491,2,1,"SDD",1595.69931188614,1714.85148792491,1,FALSE
1,11,"establishment",53,23,1431.97381204449,1199.27200611885,2,1,"SDD",1431.97381204449,1199.27200611885,1,FALSE
1,11,"establishment",54,23,1762.79868322384,749.286699345706,2,1,"SDD",1762.79868322384,749.286699345706,1,FALSE
1,11,"establishment",55,23,1666.36344468125,1282.24006344224,2,1,"SDD",1666.36344468125,1282.24006344224,1,FALSE
1,12,"death",25,11,1547.21873124554,1788.01580955159,2,NA,"transition_matrix_mortality",NA,NA,NA,NA
1,12,"death",41,15,1155.42957139645,1578.39662050646,1,NA,"transition_matrix_mortality",NA,NA,NA,NA
1,12,"death",50,19,1319.4189886316,1431.42318194883,1,NA,"transition_matrix_mortality",NA,NA,NA,NA
1,12,"death",51,21,1603.88472340469,1780.14613177949,1,NA,"transition_matrix_mortality",NA,NA,NA,NA
1,12,"stage_transition",33,15,1294.4151803067,1503.45629184798,1,2,"transition_kernel",1294.4151803067,1503.45629184798,1,FALSE
1,12,"stage_transition",35,5,1170.25782702463,342.791347482422,1,2,"transition_kernel",1170.25782702463,342.791347482422,1,FALSE
1,12,"stage_transition",36,9,384.366269221173,239.620556986075,1,2,"transition_kernel",384.366269221173,239.620556986075,1,FALSE
1,12,"stage_transition",39,13,1396.19986844687,1652.8641633748,1,2,"transition_kernel",1396.19986844687,1652.8641633748,1,FALSE
1,12,"stage_transition",40,15,1267.03688692181,1845.87540310615,1,2,"transition_kernel",1267.03688692181,1845.87540310615,1,FALSE
1,12,"stage_transition",42,15,857.374111223109,2143.12329856366,1,2,"transition_kernel",857.374111223109,2143.12329856366,1,FALSE
1,12,"stage_transition",43,15,1341.40530980665,1507.36224275593,1,2,"transition_kernel",1341.40530980665,1507.36224275593,1,FALSE
1,12,"stage_transition",44,15,942.356843986241,2269.75357015423,1,2,"transition_kernel",942.356843986241,2269.75357015423,1,FALSE
1,12,"stage_transition",45,16,1086.75765330928,1361.51444860359,1,2,"transition_kernel",1086.75765330928,1361.51444860359,1,FALSE
1,12,"stage_transition",48,18,1214.45104694875,1151.3887811038,1,2,"transition_kernel",1214.45104694875,1151.3887811038,1,FALSE
1,12,"stage_transition",49,18,1508.13272980284,1342.24573396543,1,2,"transition_kernel",1508.13272980284,1342.24573396543,1,FALSE
1,12,"stage_transition",53,23,1507.89616090325,1114.10002903087,1,2,"transition_kernel",1507.89616090325,1114.10002903087,1,FALSE
1,12,"stage_transition",54,23,1763.09118518469,750.078965180192,1,2,"transition_kernel",1763.09118518469,750.078965180192,1,FALSE
1,12,"stage_transition",55,23,1691.20767696955,1158.69168230931,1,2,"transition_kernel",1691.20767696955,1158.69168230931,1,FALSE
1,12,"establishment",56,4,1939.6742211213,1937.19484198448,2,1,"SDD",1939.6742211213,1937.19484198448,1,FALSE
1,12,"establishment",57,4,1586.990124016,1580.19425665646,2,1,"SDD",1586.990124016,1580.19425665646,1,FALSE
1,12,"establishment",58,4,1488.31659307457,1389.08034961279,2,1,"SDD",1488.31659307457,1389.08034961279,1,FALSE
1,12,"establishment",59,4,1962.18921361036,1214.01884925541,2,1,"SDD",1962.18921361036,1214.01884925541,1,FALSE
1,12,"establishment",60,9,1481.458562072,1383.85123611664,2,1,"SDD",1481.458562072,1383.85123611664,1,FALSE
1,12,"establishment",61,9,1571.60355424192,1488.38174757271,2,1,"SDD",1571.60355424192,1488.38174757271,1,FALSE
1,12,"establishment",62,14,1697.29270090019,991.117648436071,2,1,"SDD",1697.29270090019,991.117648436071,1,FALSE
1,12,"establishment",63,14,1326.54005516268,1487.07015999719,2,1,"SDD",1326.54005516268,1487.07015999719,1,FALSE
1,12,"establishment",64,16,891.056634717625,1450.83287801359,2,1,"SDD",891.056634717625,1450.83287801359,1,FALSE
1,12,"establishment",65,18,1516.91660664739,1235.63883786274,2,1,"SDD",1516.91660664739,1235.63883786274,1,FALSE
1,12,"establishment",66,18,1494.45502564861,1171.25550759698,2,1,"SDD",1494.45502564861,1171.25550759698,1,FALSE
1,12,"establishment",67,20,1441.30269272823,1968.42092807692,2,1,"SDD",1441.30269272823,1968.42092807692,1,FALSE
1,12,"establishment",68,22,859.626762644227,569.817857241201,2,1,"SDD",859.626762644227,569.817857241201,1,FALSE
1,12,"establishment",69,22,849.279851562505,806.758408638305,2,1,"SDD",849.279851562505,806.758408638305,1,FALSE
1,12,"establishment",70,24,2297.36820885122,1526.03476632157,2,1,"SDD",2297.36820885122,1526.03476632157,1,FALSE
1,12,"establishment",71,24,1849.39347583028,1178.60152434776,2,1,"SDD",1849.39347583028,1178.60152434776,1,FALSE
1,12,"establishment",72,25,1494.22625633415,1727.22775703844,2,1,"SDD",1494.22625633415,1727.22775703844,1,FALSE
1,12,"establishment",73,27,1767.89002853483,2643.20676377784,2,1,"SDD",1767.89002853483,2643.20676377784,1,FALSE
1,12,"establishment",74,27,1860.44795715514,2035.18624902165,2,1,"SDD",1860.44795715514,2035.18624902165,1,FALSE
1,12,"establishment",75,28,1354.36262141225,1310.0563288652,2,1,"SDD",1354.36262141225,1310.0563288652,1,FALSE
1,12,"establishment",76,32,1102.13032395619,2150.84065018228,2,1,"SDD",1102.13032395619,2150.84065018228,1,FALSE
1,12,"establishment",77,34,852.689741711903,1731.30179169804,2,1,"SDD",852.689741711903,1731.30179169804,1,FALSE
1,13,"death",5,1,1444.3313852092,1453.17304960665,2,NA,"transition_matrix_mortality",NA,NA,NA,NA
1,13,"death",9,4,1514.82197541196,1591.48941738446,2,NA,"transition_matrix_mortality",NA,NA,NA,NA
1,13,"death",16,4,1648.26447156108,1574.47429117602,2,NA,"transition_matrix_mortality",NA,NA,NA,NA
1,13,"death",18,5,1523.86997877857,1195.65935414681,2,NA,"transition_matrix_mortality",NA,NA,NA,NA
1,13,"death",24,9,1852.2622422083,1199.0706984636,2,NA,"transition_matrix_mortality",NA,NA,NA,NA
1,13,"death",29,11,1717.86553589625,1613.73738089727,2,NA,"transition_matrix_mortality",NA,NA,NA,NA
1,13,"death",32,15,838.081226707965,1909.13830550844,2,NA,"transition_matrix_mortality",NA,NA,NA,NA
1,13,"death",35,5,1170.25782702463,342.791347482422,2,NA,"transition_matrix_mortality",NA,NA,NA,NA
1,13,"death",42,15,857.374111223109,2143.12329856366,2,NA,"transition_matrix_mortality",NA,NA,NA,NA
1,13,"death",43,15,1341.40530980665,1507.36224275593,2,NA,"transition_matrix_mortality",NA,NA,NA,NA
1,13,"death",44,15,942.356843986241,2269.75357015423,2,NA,"transition_matrix_mortality",NA,NA,NA,NA
1,13,"death",53,23,1507.89616090325,1114.10002903087,2,NA,"transition_matrix_mortality",NA,NA,NA,NA
1,13,"death",54,23,1763.09118518469,750.078965180192,2,NA,"transition_matrix_mortality",NA,NA,NA,NA
1,13,"death",70,24,2297.36820885122,1526.03476632157,1,NA,"transition_matrix_mortality",NA,NA,NA,NA
1,13,"death",75,28,1354.36262141225,1310.0563288652,1,NA,"transition_matrix_mortality",NA,NA,NA,NA
1,13,"death",77,34,852.689741711903,1731.30179169804,1,NA,"transition_matrix_mortality",NA,NA,NA,NA
1,13,"stage_transition",17,5,1589.12725087032,1494.74703179027,1,2,"transition_kernel",1589.12725087032,1494.74703179027,1,FALSE
1,13,"stage_transition",37,13,1345.09795763862,1827.46727956272,1,2,"transition_kernel",1345.09795763862,1827.46727956272,1,FALSE
1,13,"stage_transition",38,13,1411.40616025012,1573.28321745224,1,2,"transition_kernel",1411.40616025012,1573.28321745224,1,FALSE
1,13,"stage_transition",47,18,1537.60498112721,1106.94418127279,1,2,"transition_kernel",1537.60498112721,1106.94418127279,1,FALSE
1,13,"stage_transition",52,21,2033.19475508759,1719.41795319324,1,2,"transition_kernel",2033.19475508759,1719.41795319324,1,FALSE
1,13,"stage_transition",56,4,1932.75509498749,1942.47829024952,1,2,"transition_kernel",1932.75509498749,1942.47829024952,1,FALSE
1,13,"stage_transition",57,4,1443.02150350093,1546.53518520368,1,2,"transition_kernel",1443.02150350093,1546.53518520368,1,FALSE
1,13,"stage_transition",60,9,1493.67872095176,1328.32018103783,1,2,"transition_kernel",1493.67872095176,1328.32018103783,1,FALSE
1,13,"stage_transition",63,14,1315.16879508039,1499.4801214157,1,2,"transition_kernel",1315.16879508039,1499.4801214157,1,FALSE
1,13,"stage_transition",64,16,1023.00820888406,1485.40060389113,1,2,"transition_kernel",1023.00820888406,1485.40060389113,1,FALSE
1,13,"stage_transition",65,18,1547.80795260562,1226.62268650624,1,2,"transition_kernel",1547.80795260562,1226.62268650624,1,FALSE
1,13,"stage_transition",66,18,1672.44178270667,1377.66370102183,1,2,"transition_kernel",1672.44178270667,1377.66370102183,1,FALSE
1,13,"stage_transition",68,22,853.213134154936,563.686524224707,1,2,"transition_kernel",853.213134154936,563.686524224707,1,FALSE
1,13,"stage_transition",73,27,1729.81424550557,2634.59278085091,1,2,"transition_kernel",1729.81424550557,2634.59278085091,1,FALSE
1,13,"stage_transition",76,32,1101.7634669492,2153.13201908848,1,2,"transition_kernel",1101.7634669492,2153.13201908848,1,FALSE
1,13,"establishment",78,4,1188.71211255859,1365.77787995826,2,1,"SDD",1188.71211255859,1365.77787995826,1,FALSE
1,13,"establishment",79,5,1458.63034727788,1361.35548704721,2,1,"SDD",1458.63034727788,1361.35548704721,1,FALSE
1,13,"establishment",80,9,1525.5115001007,1561.02894011767,2,1,"SDD",1525.5115001007,1561.02894011767,1,FALSE
1,13,"establishment",81,9,1534.47059993548,1372.15977147433,2,1,"SDD",1534.47059993548,1372.15977147433,1,FALSE
1,13,"establishment",82,9,1680.09527374964,1505.45818405013,2,1,"SDD",1680.09527374964,1505.45818405013,1,FALSE
1,13,"establishment",83,9,1658.40896557497,2040.61612774906,2,1,"SDD",1658.40896557497,2040.61612774906,1,FALSE
1,13,"establishment",84,14,1438.5809882146,1473.49281592793,2,1,"SDD",1438.5809882146,1473.49281592793,1,FALSE
1,13,"establishment",85,16,1468.53317213556,1498.90456486348,2,1,"SDD",1468.53317213556,1498.90456486348,1,FALSE
1,13,"establishment",86,18,952.845284673823,670.357520308434,2,1,"SDD",952.845284673823,670.357520308434,1,FALSE
1,13,"establishment",87,19,1493.81305264951,2010.5324713789,2,1,"SDD",1493.81305264951,2010.5324713789,1,FALSE
1,13,"establishment",88,22,1365.9840483379,936.139309877804,2,1,"SDD",1365.9840483379,936.139309877804,1,FALSE
1,13,"establishment",89,22,788.28910332404,770.314572960639,2,1,"SDD",788.28910332404,770.314572960639,1,FALSE
1,13,"establishment",90,22,1432.73232335381,434.02452579111,2,1,"SDD",1432.73232335381,434.02452579111,1,FALSE
1,13,"establishment",91,23,1533.23779631727,1345.77785764303,2,1,"SDD",1533.23779631727,1345.77785764303,1,FALSE
1,13,"establishment",92,23,1657.61304583093,1102.02157745498,2,1,"SDD",1657.61304583093,1102.02157745498,1,FALSE
1,13,"establishment",93,24,1852.39873809083,1217.5658963974,2,1,"SDD",1852.39873809083,1217.5658963974,1,FALSE
1,13,"establishment",94,24,1093.32582647312,1272.55546121696,2,1,"SDD",1093.32582647312,1272.55546121696,1,FALSE
1,13,"establishment",95,27,1323.53437660028,1478.36993683683,2,1,"SDD",1323.53437660028,1478.36993683683,1,FALSE
1,13,"establishment",96,28,1347.00802781266,1455.59460988719,2,1,"SDD",1347.00802781266,1455.59460988719,1,FALSE
1,13,"establishment",97,31,1074.6397491716,1459.15327413895,2,1,"SDD",1074.6397491716,1459.15327413895,1,FALSE
1,13,"establishment",98,31,1178.53948602717,1675.25700341911,2,1,"SDD",1178.53948602717,1675.25700341911,1,FALSE
1,13,"establishment",99,32,837.131168369211,1476.65856812934,2,1,"SDD",837.131168369211,1476.65856812934,1,FALSE
1,13,"establishment",100,33,1289.95063221904,1500.44364836461,2,1,"SDD",1289.95063221904,1500.44364836461,1,FALSE
1,13,"establishment",101,34,908.981710133479,1810.25195409654,2,1,"SDD",908.981710133479,1810.25195409654,1,FALSE
1,13,"establishment",102,34,956.44379585759,1811.20069424044,2,1,"SDD",956.44379585759,1811.20069424044,1,FALSE
1,13,"establishment",103,34,998.2925916077,2406.51265126212,2,1,"SDD",998.2925916077,2406.51265126212,1,FALSE
1,13,"establishment",104,34,1135.93076083905,1509.8025972989,2,1,"SDD",1135.93076083905,1509.8025972989,1,FALSE
1,13,"establishment",105,35,2539.69932600556,386.629222015352,2,1,"SDD",2539.69932600556,386.629222015352,1,FALSE
1,13,"establishment",106,35,924.336582115257,585.009622208513,2,1,"SDD",924.336582115257,585.009622208513,1,FALSE
1,13,"establishment",107,36,347.122772911925,295.763466955907,2,1,"SDD",347.122772911925,295.763466955907,1,FALSE
1,13,"establishment",108,39,1148.18317914264,1785.12609345952,2,1,"SDD",1148.18317914264,1785.12609345952,1,FALSE
1,13,"establishment",109,39,1596.68507417634,1746.04080398248,2,1,"SDD",1596.68507417634,1746.04080398248,1,FALSE
1,13,"establishment",110,40,1251.73416380849,1948.95595151851,2,1,"SDD",1251.73416380849,1948.95595151851,1,FALSE
1,13,"establishment",111,42,845.133208262229,2700.53905721739,2,1,"SDD",845.133208262229,2700.53905721739,1,FALSE
1,13,"establishment",112,42,1389.72405393695,2500.62654395424,2,1,"SDD",1389.72405393695,2500.62654395424,1,FALSE
1,13,"establishment",113,42,1112.87650501927,1943.27051274184,2,1,"SDD",1112.87650501927,1943.27051274184,1,FALSE
1,13,"establishment",114,43,1353.39017488211,1372.07179211009,2,1,"SDD",1353.39017488211,1372.07179211009,1,FALSE
1,13,"establishment",115,43,1217.88284125073,1548.13308581533,2,1,"SDD",1217.88284125073,1548.13308581533,1,FALSE
1,13,"establishment",116,45,1000.90935554786,1162.68795576485,2,1,"SDD",1000.90935554786,1162.68795576485,1,FALSE
1,13,"establishment",117,48,1128.36302296778,1490.20933457796,2,1,"SDD",1128.36302296778,1490.20933457796,1,FALSE
1,13,"establishment",118,49,631.602191404194,2131.85857213424,2,1,"SDD",631.602191404194,2131.85857213424,1,FALSE
1,13,"establishment",119,54,2278.50451972999,949.240941041701,2,1,"SDD",2278.50451972999,949.240941041701,1,FALSE
1,13,"establishment",120,54,1747.84970972334,688.328554239502,2,1,"SDD",1747.84970972334,688.328554239502,1,FALSE
1,13,"establishment",121,55,1804.28289872536,1165.24667183595,2,1,"SDD",1804.28289872536,1165.24667183595,1,FALSE
1,13,"establishment",122,55,1947.94947444029,1210.83682186025,2,1,"SDD",1947.94947444029,1210.83682186025,1,FALSE
1,14,"death",36,9,384.366269221173,239.620556986075,2,NA,"transition_matrix_mortality",NA,NA,NA,NA
1,14,"death",40,15,1267.03688692181,1845.87540310615,2,NA,"transition_matrix_mortality",NA,NA,NA,NA
1,14,"death",57,4,1443.02150350093,1546.53518520368,2,NA,"transition_matrix_mortality",NA,NA,NA,NA
1,14,"death",58,4,1488.31659307457,1389.08034961279,1,NA,"transition_matrix_mortality",NA,NA,NA,NA
1,14,"death",74,27,1860.44795715514,2035.18624902165,1,NA,"transition_matrix_mortality",NA,NA,NA,NA
1,14,"death",80,9,1525.5115001007,1561.02894011767,1,NA,"transition_matrix_mortality",NA,NA,NA,NA
1,14,"death",82,9,1680.09527374964,1505.45818405013,1,NA,"transition_matrix_mortality",NA,NA,NA,NA
1,14,"death",84,14,1438.5809882146,1473.49281592793,1,NA,"transition_matrix_mortality",NA,NA,NA,NA
1,14,"death",93,24,1852.39873809083,1217.5658963974,1,NA,"transition_matrix_mortality",NA,NA,NA,NA
1,14,"death",98,31,1178.53948602717,1675.25700341911,1,NA,"transition_matrix_mortality",NA,NA,NA,NA
1,14,"death",101,34,908.981710133479,1810.25195409654,1,NA,"transition_matrix_mortality",NA,NA,NA,NA
1,14,"death",103,34,998.2925916077,2406.51265126212,1,NA,"transition_matrix_mortality",NA,NA,NA,NA
1,14,"death",107,36,347.122772911925,295.763466955907,1,NA,"transition_matrix_mortality",NA,NA,NA,NA
1,14,"death",114,43,1353.39017488211,1372.07179211009,1,NA,"transition_matrix_mortality",NA,NA,NA,NA
1,14,"stage_transition",46,18,1111.8350106552,807.92980630979,1,2,"transition_kernel",1111.8350106552,807.92980630979,1,FALSE
1,14,"stage_transition",59,4,1879.37930954548,1230.34478069295,1,2,"transition_kernel",1879.37930954548,1230.34478069295,1,FALSE
1,14,"stage_transition",62,14,1681.31270998304,990.796628643303,1,2,"transition_kernel",1681.31270998304,990.796628643303,1,FALSE
1,14,"stage_transition",67,20,1437.89732601754,1964.41409818142,1,2,"transition_kernel",1437.89732601754,1964.41409818142,1,FALSE
1,14,"stage_transition",69,22,915.727508661325,937.317870456528,1,2,"transition_kernel",915.727508661325,937.317870456528,1,FALSE
1,14,"stage_transition",78,4,1171.56064618426,1354.3170099006,1,2,"transition_kernel",1171.56064618426,1354.3170099006,1,FALSE
1,14,"stage_transition",79,5,1379.69508046497,1460.62657720698,1,2,"transition_kernel",1379.69508046497,1460.62657720698,1,FALSE
1,14,"stage_transition",81,9,1551.32983896143,1385.44242645566,1,2,"transition_kernel",1551.32983896143,1385.44242645566,1,FALSE
1,14,"stage_transition",83,9,1671.96759243277,2096.3579848811,1,2,"transition_kernel",1671.96759243277,2096.3579848811,1,FALSE
1,14,"stage_transition",85,16,1529.95506706946,1466.85045789081,1,2,"transition_kernel",1529.95506706946,1466.85045789081,1,FALSE
1,14,"stage_transition",86,18,1026.60873746675,560.122258780975,1,2,"transition_kernel",1026.60873746675,560.122258780975,1,FALSE
1,14,"stage_transition",87,19,1467.44032320363,1979.78901570165,1,2,"transition_kernel",1467.44032320363,1979.78901570165,1,FALSE
1,14,"stage_transition",88,22,1321.75923871798,892.192064548042,1,2,"transition_kernel",1321.75923871798,892.192064548042,1,FALSE
1,14,"stage_transition",89,22,915.82097044503,883.019559170968,1,2,"transition_kernel",915.82097044503,883.019559170968,1,FALSE
1,14,"stage_transition",90,22,1676.76427550897,206.903425640166,1,2,"transition_kernel",1676.76427550897,206.903425640166,1,FALSE
1,14,"stage_transition",91,23,1580.07732092228,1404.62700473401,1,2,"transition_kernel",1580.07732092228,1404.62700473401,1,FALSE
1,14,"stage_transition",94,24,943.931055860218,1430.05049240696,1,2,"transition_kernel",943.931055860218,1430.05049240696,1,FALSE
1,14,"stage_transition",97,31,1044.68316135355,1509.70608657041,1,2,"transition_kernel",1044.68316135355,1509.70608657041,1,FALSE
1,14,"stage_transition",102,34,956.536883502261,1810.49115863333,1,2,"transition_kernel",956.536883502261,1810.49115863333,1,FALSE
1,14,"stage_transition",105,35,2548.2536986418,399.079351229985,1,2,"transition_kernel",2548.2536986418,399.079351229985,1,FALSE
1,14,"stage_transition",106,35,915.509759240275,595.34713314864,1,2,"transition_kernel",915.509759240275,595.34713314864,1,FALSE
1,14,"stage_transition",108,39,1147.2418055848,1786.0938399335,1,2,"transition_kernel",1147.2418055848,1786.0938399335,1,FALSE
1,14,"stage_transition",109,39,1646.22363769004,1767.43198509953,1,2,"transition_kernel",1646.22363769004,1767.43198509953,1,FALSE
1,14,"stage_transition",110,40,1249.64771368315,2029.07532836914,1,2,"transition_kernel",1249.64771368315,2029.07532836914,1,FALSE
1,14,"stage_transition",112,42,1187.37310880514,2603.81248312204,1,2,"transition_kernel",1187.37310880514,2603.81248312204,1,FALSE
1,14,"stage_transition",115,43,940.365013496164,1255.7597438093,1,2,"transition_kernel",940.365013496164,1255.7597438093,1,FALSE
1,14,"stage_transition",116,45,973.64339615728,1204.47954532719,1,2,"transition_kernel",973.64339615728,1204.47954532719,1,FALSE
1,14,"stage_transition",118,49,632.493686615881,2133.03852812319,1,2,"transition_kernel",632.493686615881,2133.03852812319,1,FALSE
1,14,"stage_transition",119,54,2322.81203781421,888.477104607924,1,2,"transition_kernel",2322.81203781421,888.477104607924,1,FALSE
1,14,"stage_transition",121,55,1785.01265066017,1185.95331042504,1,2,"transition_kernel",1785.01265066017,1185.95331042504,1,FALSE
1,14,"establishment",123,4,1336.73176144343,1750.24842577759,2,1,"SDD",1336.73176144343,1750.24842577759,1,FALSE
1,14,"establishment",124,14,1296.84760729195,1429.41641252756,2,1,"SDD",1296.84760729195,1429.41641252756,1,FALSE
1,14,"establishment",125,17,1644.80313977775,1503.48143277583,2,1,"SDD",1644.80313977775,1503.48143277583,1,FALSE
1,14,"establishment",126,19,1329.81693425817,1272.62383035963,2,1,"SDD",1329.81693425817,1272.62383035963,1,FALSE
1,14,"establishment",127,19,1519.5680035069,1472.01570629291,2,1,"SDD",1519.5680035069,1472.01570629291,1,FALSE
1,14,"establishment",128,19,1367.39491882914,1553.28912542242,2,1,"SDD",1367.39491882914,1553.28912542242,1,FALSE
1,14,"establishment",129,20,991.400431398025,1964.59233252954,2,1,"SDD",991.400431398025,1964.59233252954,1,FALSE
1,14,"establishment",130,22,306.050957706108,327.837065269502,2,1,"SDD",306.050957706108,327.837065269502,1,FALSE
1,14,"establishment",131,22,766.36348326026,537.531839539197,2,1,"SDD",766.36348326026,537.531839539197,1,FALSE
1,14,"establishment",132,23,1516.82609840401,1229.96084151264,2,1,"SDD",1516.82609840401,1229.96084151264,1,FALSE
1,14,"establishment",133,27,1613.63873055785,1915.75397977479,2,1,"SDD",1613.63873055785,1915.75397977479,1,FALSE
1,14,"establishment",134,31,1103.33109328618,1611.85865511152,2,1,"SDD",1103.33109328618,1611.85865511152,1,FALSE
1,14,"establishment",135,31,1246.03097309622,1482.18411440068,2,1,"SDD",1246.03097309622,1482.18411440068,1,FALSE
1,14,"establishment",136,31,1383.09662540341,1622.44041738842,2,1,"SDD",1383.09662540341,1622.44041738842,1,FALSE
1,14,"establishment",137,33,1260.30828573472,1495.92003312541,2,1,"SDD",1260.30828573472,1495.92003312541,1,FALSE
1,14,"establishment",138,34,1300.0226100044,1924.57105026406,2,1,"SDD",1300.0226100044,1924.57105026406,1,FALSE
1,14,"establishment",139,34,712.767016799308,1545.51127728015,2,1,"SDD",712.767016799308,1545.51127728015,1,FALSE
1,14,"establishment",140,34,927.594022782413,1781.57785782879,2,1,"SDD",927.594022782413,1781.57785782879,1,FALSE
1,14,"establishment",141,39,1035.91548099268,1654.44412504145,2,1,"SDD",1035.91548099268,1654.44412504145,1,FALSE
1,14,"establishment",142,39,1408.34340566367,1669.34357033788,2,1,"SDD",1408.34340566367,1669.34357033788,1,FALSE
1,14,"establishment",143,40,1273.58560963166,1937.28322480148,2,1,"SDD",1273.58560963166,1937.28322480148,1,FALSE
1,14,"establishment",144,45,1088.69051491426,1216.20652002148,2,1,"SDD",1088.69051491426,1216.20652002148,1,FALSE
1,14,"establishment",145,47,1746.70912355373,949.343923907802,2,1,"SDD",1746.70912355373,949.343923907802,1,FALSE
1,14,"establishment",146,48,1246.05100176862,1122.13781021746,2,1,"SDD",1246.05100176862,1122.13781021746,1,FALSE
1,14,"establishment",147,55,1670.30206134501,1105.15461471683,2,1,"SDD",1670.30206134501,1105.15461471683,1,FALSE
1,14,"establishment",148,56,1590.69345737443,1877.27803567197,2,1,"SDD",1590.69345737443,1877.27803567197,1,FALSE
1,14,"establishment",149,57,1613.06943266443,1714.83734547507,2,1,"SDD",1613.06943266443,1714.83734547507,1,FALSE
1,14,"establishment",150,57,1619.39885890394,1350.51629462087,2,1,"SDD",1619.39885890394,1350.51629462087,1,FALSE
1,14,"establishment",151,60,1639.10734711756,649.997773815774,2,1,"SDD",1639.10734711756,649.997773815774,1,FALSE
1,14,"establishment",152,64,1016.0747253431,1667.67062983654,2,1,"SDD",1016.0747253431,1667.67062983654,1,FALSE
1,14,"establishment",153,66,1579.76270059212,1416.87229687732,2,1,"SDD",1579.76270059212,1416.87229687732,1,FALSE
1,14,"establishment",154,66,1447.63079970825,1580.32417343759,2,1,"SDD",1447.63079970825,1580.32417343759,1,FALSE
1,14,"establishment",155,66,1043.93506991577,1566.14501447844,2,1,"SDD",1043.93506991577,1566.14501447844,1,FALSE
1,14,"establishment",156,68,1148.14915212341,658.462212429962,2,1,"SDD",1148.14915212341,658.462212429962,1,FALSE
1,14,"establishment",157,73,447.283176602599,2488.86040115648,2,1,"SDD",447.283176602599,2488.86040115648,1,FALSE
1,14,"establishment",158,76,1098.01935303994,2142.16680603442,2,1,"SDD",1098.01935303994,2142.16680603442,1,FALSE
1,14,"establishment",159,76,1054.71818212393,1901.81887516849,2,1,"SDD",1054.71818212393,1901.81887516849,1,FALSE
1,15,"death",55,23,1691.20767696955,1158.69168230931,2,NA,"transition_matrix_mortality",NA,NA,NA,NA
1,15,"death",60,9,1493.67872095176,1328.32018103783,2,NA,"transition_matrix_mortality",NA,NA,NA,NA
1,15,"death",67,20,1437.89732601754,1964.41409818142,2,NA,"transition_matrix_mortality",NA,NA,NA,NA
1,15,"death",108,39,1147.2418055848,1786.0938399335,2,NA,"transition_matrix_mortality",NA,NA,NA,NA
1,15,"death",110,40,1249.64771368315,2029.07532836914,2,NA,"transition_matrix_mortality",NA,NA,NA,NA
1,15,"death",113,42,1112.87650501927,1943.27051274184,1,NA,"transition_matrix_mortality",NA,NA,NA,NA
1,15,"death",123,4,1336.73176144343,1750.24842577759,1,NA,"transition_matrix_mortality",NA,NA,NA,NA
1,15,"death",125,17,1644.80313977775,1503.48143277583,1,NA,"transition_matrix_mortality",NA,NA,NA,NA
1,15,"death",135,31,1246.03097309622,1482.18411440068,1,NA,"transition_matrix_mortality",NA,NA,NA,NA
1,15,"death",139,34,712.767016799308,1545.51127728015,1,NA,"transition_matrix_mortality",NA,NA,NA,NA
1,15,"death",144,45,1088.69051491426,1216.20652002148,1,NA,"transition_matrix_mortality",NA,NA,NA,NA
1,15,"death",148,56,1590.69345737443,1877.27803567197,1,NA,"transition_matrix_mortality",NA,NA,NA,NA
1,15,"stage_transition",61,9,1780.39200236503,1431.65931847406,1,2,"transition_kernel",1780.39200236503,1431.65931847406,1,FALSE
1,15,"stage_transition",71,24,1776.21758192293,1306.70037006448,1,2,"transition_kernel",1776.21758192293,1306.70037006448,1,FALSE
1,15,"stage_transition",72,25,1380.94978737322,1834.96879913884,1,2,"transition_kernel",1380.94978737322,1834.96879913884,1,FALSE
1,15,"stage_transition",99,32,768.826736313702,1514.54582298442,1,2,"transition_kernel",768.826736313702,1514.54582298442,1,FALSE
1,15,"stage_transition",100,33,1373.48746450983,1567.39944832271,1,2,"transition_kernel",1373.48746450983,1567.39944832271,1,FALSE
1,15,"stage_transition",104,34,1126.92510343113,1522.17359100759,1,2,"transition_kernel",1126.92510343113,1522.17359100759,1,FALSE
1,15,"stage_transition",111,42,836.548646493521,2688.60156018011,1,2,"transition_kernel",836.548646493521,2688.60156018011,1,FALSE
1,15,"stage_transition",117,48,1322.08069711658,1595.43992059224,1,2,"transition_kernel",1322.08069711658,1595.43992059224,1,FALSE
1,15,"stage_transition",120,54,1741.36337835099,600.391601980224,1,2,"transition_kernel",1741.36337835099,600.391601980224,1,FALSE
1,15,"stage_transition",122,55,1947.16299749612,1206.59764840528,1,2,"transition_kernel",1947.16299749612,1206.59764840528,1,FALSE
1,15,"stage_transition",124,14,1320.65656967891,1420.20067226929,1,2,"transition_kernel",1320.65656967891,1420.20067226929,1,FALSE
1,15,"stage_transition",126,19,1342.93790880989,1200.52138300616,1,2,"transition_kernel",1342.93790880989,1200.52138300616,1,FALSE
1,15,"stage_transition",127,19,1448.14726949196,1463.20975610532,1,2,"transition_kernel",1448.14726949196,1463.20975610532,1,FALSE
1,15,"stage_transition",128,19,1342.38850728123,1546.45223427676,1,2,"transition_kernel",1342.38850728123,1546.45223427676,1,FALSE
1,15,"stage_transition",129,20,1105.38258202398,1932.14129569387,1,2,"transition_kernel",1105.38258202398,1932.14129569387,1,FALSE
1,15,"stage_transition",130,22,493.542424648193,312.293651425847,1,2,"transition_kernel",493.542424648193,312.293651425847,1,FALSE
1,15,"stage_transition",132,23,1479.4865860466,1197.39480158027,1,2,"transition_kernel",1479.4865860466,1197.39480158027,1,FALSE
1,15,"stage_transition",133,27,1627.13785741654,1889.93994120346,1,2,"transition_kernel",1627.13785741654,1889.93994120346,1,FALSE
1,15,"stage_transition",134,31,1236.30850733636,1510.04024044095,1,2,"transition_kernel",1236.30850733636,1510.04024044095,1,FALSE
1,15,"stage_transition",137,33,1151.20912948695,1449.15328583392,1,2,"transition_kernel",1151.20912948695,1449.15328583392,1,FALSE
1,15,"stage_transition",140,34,1010.64703804323,1789.24635661244,1,2,"transition_kernel",1010.64703804323,1789.24635661244,1,FALSE
1,15,"stage_transition",141,39,1159.22538248193,2111.94051046201,1,2,"transition_kernel",1159.22538248193,2111.94051046201,1,FALSE
1,15,"stage_transition",143,40,1322.22802600262,1934.88275727913,1,2,"transition_kernel",1322.22802600262,1934.88275727913,1,FALSE
1,15,"stage_transition",146,48,1262.41943386739,1115.68569434269,1,2,"transition_kernel",1262.41943386739,1115.68569434269,1,FALSE
1,15,"stage_transition",147,55,1700.46407693421,1335.84874229101,1,2,"transition_kernel",1700.46407693421,1335.84874229101,1,FALSE
1,15,"stage_transition",149,57,1661.9528767426,1703.46031851602,1,2,"transition_kernel",1661.9528767426,1703.46031851602,1,FALSE
1,15,"stage_transition",150,57,1649.73900046977,1386.28066330741,1,2,"transition_kernel",1649.73900046977,1386.28066330741,1,FALSE
1,15,"stage_transition",152,64,1028.46970214281,1662.42456233079,1,2,"transition_kernel",1028.46970214281,1662.42456233079,1,FALSE
1,15,"stage_transition",153,66,1580.30334195449,1418.92103685297,1,2,"transition_kernel",1580.30334195449,1418.92103685297,1,FALSE
1,15,"stage_transition",154,66,1501.55092085655,1543.96360549878,1,2,"transition_kernel",1501.55092085655,1543.96360549878,1,FALSE
1,15,"stage_transition",155,66,1056.19845019206,1567.60509037816,1,2,"transition_kernel",1056.19845019206,1567.60509037816,1,FALSE
1,15,"stage_transition",156,68,1182.71146856571,637.414345880308,1,2,"transition_kernel",1182.71146856571,637.414345880308,1,FALSE
1,15,"stage_transition",158,76,1034.51983038022,2169.87941234354,1,2,"transition_kernel",1034.51983038022,2169.87941234354,1,FALSE
1,15,"stage_transition",159,76,1176.17983378252,1995.44652990595,1,2,"transition_kernel",1176.17983378252,1995.44652990595,1,FALSE
1,15,"establishment",160,4,1539.70139652912,1642.66811661349,2,1,"SDD",1539.70139652912,1642.66811661349,1,FALSE
1,15,"establishment",161,4,1075.41394105183,1671.19513463933,2,1,"SDD",1075.41394105183,1671.19513463933,1,FALSE
1,15,"establishment",162,4,1435.85143807823,1589.78211829721,2,1,"SDD",1435.85143807823,1589.78211829721,1,FALSE
1,15,"establishment",163,4,1976.98820286272,1847.76946382917,2,1,"SDD",1976.98820286272,1847.76946382917,1,FALSE
1,15,"establishment",164,4,1525.44493456722,1386.50450628129,2,1,"SDD",1525.44493456722,1386.50450628129,1,FALSE
1,15,"establishment",165,13,1147.71459514501,1734.97597851173,2,1,"SDD",1147.71459514501,1734.97597851173,1,FALSE
1,15,"establishment",166,14,1316.5318724342,1438.03979411507,2,1,"SDD",1316.5318724342,1438.03979411507,1,FALSE
1,15,"establishment",167,14,1492.75751169924,1168.30877509113,2,1,"SDD",1492.75751169924,1168.30877509113,1,FALSE
1,15,"establishment",168,19,1401.99271580181,1389.999370971,2,1,"SDD",1401.99271580181,1389.999370971,1,FALSE
1,15,"establishment",169,20,1093.84628659466,1686.59256156736,2,1,"SDD",1093.84628659466,1686.59256156736,1,FALSE
1,15,"establishment",170,22,650.908575403658,697.76466212567,2,1,"SDD",650.908575403658,697.76466212567,1,FALSE
1,15,"establishment",171,23,1565.65826006991,1459.64933349153,2,1,"SDD",1565.65826006991,1459.64933349153,1,FALSE
1,15,"establishment",172,27,1780.87338551102,1648.85575988233,2,1,"SDD",1780.87338551102,1648.85575988233,1,FALSE
1,15,"establishment",173,28,2074.73693602444,1077.4925484658,2,1,"SDD",2074.73693602444,1077.4925484658,1,FALSE
1,15,"establishment",174,31,1262.5500569236,1469.58412431132,2,1,"SDD",1262.5500569236,1469.58412431132,1,FALSE
1,15,"establishment",175,33,1644.93893005487,1227.40672976255,2,1,"SDD",1644.93893005487,1227.40672976255,1,FALSE
1,15,"establishment",176,39,1407.71375870819,1708.31705364061,2,1,"SDD",1407.71375870819,1708.31705364061,1,FALSE
1,15,"establishment",177,39,1375.42298594568,1697.88154372822,2,1,"SDD",1375.42298594568,1697.88154372822,1,FALSE
1,15,"establishment",178,45,1092.99190519629,1235.89539575745,2,1,"SDD",1092.99190519629,1235.89539575745,1,FALSE
1,15,"establishment",179,45,1099.09444782997,1317.43539496591,2,1,"SDD",1099.09444782997,1317.43539496591,1,FALSE
1,15,"establishment",180,46,1107.58607536458,818.343629356,2,1,"SDD",1107.58607536458,818.343629356,1,FALSE
1,15,"establishment",181,48,1225.63840602994,1151.60535890064,2,1,"SDD",1225.63840602994,1151.60535890064,1,FALSE
1,15,"establishment",182,48,1111.04001166815,841.745633838837,2,1,"SDD",1111.04001166815,841.745633838837,1,FALSE
1,15,"establishment",183,48,1293.35457117733,1189.67688976985,2,1,"SDD",1293.35457117733,1189.67688976985,1,FALSE
1,15,"establishment",184,49,1368.04035210523,1565.96769606813,2,1,"SDD",1368.04035210523,1565.96769606813,1,FALSE
1,15,"establishment",185,52,2209.64921084636,1367.51511540806,2,1,"SDD",2209.64921084636,1367.51511540806,1,FALSE
1,15,"establishment",186,55,1672.89902159125,1169.14455200391,2,1,"SDD",1672.89902159125,1169.14455200391,1,FALSE
1,15,"establishment",187,55,1911.01042335345,1229.92013827645,2,1,"SDD",1911.01042335345,1229.92013827645,1,FALSE
1,15,"establishment",188,60,1509.9270850307,1349.00246601871,2,1,"SDD",1509.9270850307,1349.00246601871,1,FALSE
1,15,"establishment",189,62,1825.15903174097,893.54621410036,2,1,"SDD",1825.15903174097,893.54621410036,1,FALSE
1,15,"establishment",190,63,1367.44555234195,1327.34998215314,2,1,"SDD",1367.44555234195,1327.34998215314,1,FALSE
1,15,"establishment",191,63,1355.44271199635,1127.50419496086,2,1,"SDD",1355.44271199635,1127.50419496086,1,FALSE
1,15,"establishment",192,64,1138.68200297071,1588.67625527633,2,1,"SDD",1138.68200297071,1588.67625527633,1,FALSE
1,15,"establishment",193,64,721.811804910241,1702.98945208271,2,1,"SDD",721.811804910241,1702.98945208271,1,FALSE
1,15,"establishment",194,65,1619.15435416906,1211.09577590644,2,1,"SDD",1619.15435416906,1211.09577590644,1,FALSE
1,15,"establishment",195,66,1399.19146681084,1566.88969953685,2,1,"SDD",1399.19146681084,1566.88969953685,1,FALSE
1,15,"establishment",196,67,1463.2008205817,1970.14565209499,2,1,"SDD",1463.2008205817,1970.14565209499,1,FALSE
1,15,"establishment",197,68,952.061463380436,321.173102540714,2,1,"SDD",952.061463380436,321.173102540714,1,FALSE
1,15,"establishment",198,73,1169.43064288607,2966.33443291768,2,1,"SDD",1169.43064288607,2966.33443291768,1,FALSE
1,15,"establishment",199,76,1077.63319758099,2089.20349829207,2,1,"SDD",1077.63319758099,2089.20349829207,1,FALSE
1,15,"establishment",200,76,1146.84709834241,2113.47503304494,2,1,"SDD",1146.84709834241,2113.47503304494,1,FALSE
1,15,"establishment",201,79,1238.31759418905,1294.75025538314,2,1,"SDD",1238.31759418905,1294.75025538314,1,FALSE
1,15,"establishment",202,79,1373.33131222599,1398.54337304808,2,1,"SDD",1373.33131222599,1398.54337304808,1,FALSE
1,15,"establishment",203,81,1237.86241212023,1072.86115688924,2,1,"SDD",1237.86241212023,1072.86115688924,1,FALSE
1,15,"establishment",204,81,1577.05461052427,1408.02455422745,2,1,"SDD",1577.05461052427,1408.02455422745,1,FALSE
1,15,"establishment",205,83,1686.67665068472,2169.15709790399,2,1,"SDD",1686.67665068472,2169.15709790399,1,FALSE
1,15,"establishment",206,83,1831.23196349845,2265.03160682228,2,1,"SDD",1831.23196349845,2265.03160682228,1,FALSE
1,15,"establishment",207,86,1026.7166326979,573.779881307729,2,1,"SDD",1026.7166326979,573.779881307729,1,FALSE
1,15,"establishment",208,86,1040.19847640983,793.585174757975,2,1,"SDD",1040.19847640983,793.585174757975,1,FALSE
1,15,"establishment",209,87,1637.99738093609,1831.47961919554,2,1,"SDD",1637.99738093609,1831.47961919554,1,FALSE
1,15,"establishment",210,87,1375.57686583091,2062.81866107978,2,1,"SDD",1375.57686583091,2062.81866107978,1,FALSE
1,15,"establishment",211,87,1433.26225204566,1975.10407061011,2,1,"SDD",1433.26225204566,1975.10407061011,1,FALSE
1,15,"establishment",212,88,1380.09941402762,977.403750990312,2,1,"SDD",1380.09941402762,977.403750990312,1,FALSE
1,15,"establishment",213,90,1683.12241382044,200.421940135572,2,1,"SDD",1683.12241382044,200.421940135572,1,FALSE
1,15,"establishment",214,91,1619.79541149906,1431.67913116103,2,1,"SDD",1619.79541149906,1431.67913116103,1,FALSE
1,15,"establishment",215,94,545.436369729178,1688.88043711022,2,1,"SDD",545.436369729178,1688.88043711022,1,FALSE
1,15,"establishment",216,94,962.294705299551,1469.50131953122,2,1,"SDD",962.294705299551,1469.50131953122,1,FALSE
1,15,"establishment",217,105,2533.28093031037,401.886590598727,2,1,"SDD",2533.28093031037,401.886590598727,1,FALSE
1,15,"establishment",218,105,2843.67870704129,307.589682041611,2,1,"SDD",2843.67870704129,307.589682041611,1,FALSE
1,15,"establishment",219,109,1712.11888909485,1655.29590261296,2,1,"SDD",1712.11888909485,1655.29590261296,1,FALSE
1,15,"establishment",220,110,1257.67652888561,2016.75777519218,2,1,"SDD",1257.67652888561,2016.75777519218,1,FALSE
1,15,"establishment",221,110,1031.66466338518,2070.60017361635,2,1,"SDD",1031.66466338518,2070.60017361635,1,FALSE
1,15,"establishment",222,110,769.085820968444,1748.61220803667,2,1,"SDD",769.085820968444,1748.61220803667,1,FALSE
1,15,"establishment",223,112,1157.73672185779,2711.79437357784,2,1,"SDD",1157.73672185779,2711.79437357784,1,FALSE
1,15,"establishment",224,115,1179.87196298036,1259.51058725444,2,1,"SDD",1179.87196298036,1259.51058725444,1,FALSE
1,15,"establishment",225,115,594.441690626462,515.593286117675,2,1,"SDD",594.441690626462,515.593286117675,1,FALSE
1,15,"establishment",226,116,1342.17515966344,1475.40469794062,2,1,"SDD",1342.17515966344,1475.40469794062,1,FALSE
1,15,"establishment",227,119,2431.71501936466,919.198829882145,2,1,"SDD",2431.71501936466,919.198829882145,1,FALSE
1,15,"establishment",228,121,1833.76292185434,1279.04739879657,2,1,"SDD",1833.76292185434,1279.04739879657,1,FALSE
1,15,"establishment",229,121,2012.47828895761,1062.97468506388,2,1,"SDD",2012.47828895761,1062.97468506388,1,FALSE
1,15,"establishment",230,121,1993.10579108974,1063.92135476185,2,1,"SDD",1993.10579108974,1063.92135476185,1,FALSE
1,15,"establishment",231,121,1819.21698446393,1315.88582871904,2,1,"SDD",1819.21698446393,1315.88582871904,1,FALSE
1,16,"death",20,7,1335.95661400001,1901.85688895907,2,NA,"transition_matrix_mortality",NA,NA,NA,NA
1,16,"death",28,11,1345.75067272737,1461.59030285179,2,NA,"transition_matrix_mortality",NA,NA,NA,NA
1,16,"death",31,15,1175.60763360288,1633.56068106508,2,NA,"transition_matrix_mortality",NA,NA,NA,NA
1,16,"death",33,15,1294.4151803067,1503.45629184798,2,NA,"transition_matrix_mortality",NA,NA,NA,NA
1,16,"death",34,15,940.138917545973,1788.54211326201,2,NA,"transition_matrix_mortality",NA,NA,NA,NA
1,16,"death",39,13,1396.19986844687,1652.8641633748,2,NA,"transition_matrix_mortality",NA,NA,NA,NA
1,16,"death",46,18,1111.8350106552,807.92980630979,2,NA,"transition_matrix_mortality",NA,NA,NA,NA
1,16,"death",47,18,1537.60498112721,1106.94418127279,2,NA,"transition_matrix_mortality",NA,NA,NA,NA
1,16,"death",65,18,1547.80795260562,1226.62268650624,2,NA,"transition_matrix_mortality",NA,NA,NA,NA
1,16,"death",69,22,915.727508661325,937.317870456528,2,NA,"transition_matrix_mortality",NA,NA,NA,NA
1,16,"death",86,18,1026.60873746675,560.122258780975,2,NA,"transition_matrix_mortality",NA,NA,NA,NA
1,16,"death",94,24,943.931055860218,1430.05049240696,2,NA,"transition_matrix_mortality",NA,NA,NA,NA
1,16,"death",106,35,915.509759240275,595.34713314864,2,NA,"transition_matrix_mortality",NA,NA,NA,NA
1,16,"death",122,55,1947.16299749612,1206.59764840528,2,NA,"transition_matrix_mortality",NA,NA,NA,NA
1,16,"death",129,20,1105.38258202398,1932.14129569387,2,NA,"transition_matrix_mortality",NA,NA,NA,NA
1,16,"death",132,23,1479.4865860466,1197.39480158027,2,NA,"transition_matrix_mortality",NA,NA,NA,NA
1,16,"death",149,57,1661.9528767426,1703.46031851602,2,NA,"transition_matrix_mortality",NA,NA,NA,NA
1,16,"death",150,57,1649.73900046977,1386.28066330741,2,NA,"transition_matrix_mortality",NA,NA,NA,NA
1,16,"death",152,64,1028.46970214281,1662.42456233079,2,NA,"transition_matrix_mortality",NA,NA,NA,NA
1,16,"death",153,66,1580.30334195449,1418.92103685297,2,NA,"transition_matrix_mortality",NA,NA,NA,NA
1,16,"death",160,4,1539.70139652912,1642.66811661349,1,NA,"transition_matrix_mortality",NA,NA,NA,NA
1,16,"death",181,48,1225.63840602994,1151.60535890064,1,NA,"transition_matrix_mortality",NA,NA,NA,NA
1,16,"death",184,49,1368.04035210523,1565.96769606813,1,NA,"transition_matrix_mortality",NA,NA,NA,NA
1,16,"death",189,62,1825.15903174097,893.54621410036,1,NA,"transition_matrix_mortality",NA,NA,NA,NA
1,16,"death",192,64,1138.68200297071,1588.67625527633,1,NA,"transition_matrix_mortality",NA,NA,NA,NA
1,16,"death",196,67,1463.2008205817,1970.14565209499,1,NA,"transition_matrix_mortality",NA,NA,NA,NA
1,16,"death",199,76,1077.63319758099,2089.20349829207,1,NA,"transition_matrix_mortality",NA,NA,NA,NA
1,16,"death",200,76,1146.84709834241,2113.47503304494,1,NA,"transition_matrix_mortality",NA,NA,NA,NA
1,16,"death",201,79,1238.31759418905,1294.75025538314,1,NA,"transition_matrix_mortality",NA,NA,NA,NA
1,16,"death",206,83,1831.23196349845,2265.03160682228,1,NA,"transition_matrix_mortality",NA,NA,NA,NA
1,16,"death",211,87,1433.26225204566,1975.10407061011,1,NA,"transition_matrix_mortality",NA,NA,NA,NA
1,16,"death",217,105,2533.28093031037,401.886590598727,1,NA,"transition_matrix_mortality",NA,NA,NA,NA
1,16,"death",219,109,1712.11888909485,1655.29590261296,1,NA,"transition_matrix_mortality",NA,NA,NA,NA
1,16,"death",227,119,2431.71501936466,919.198829882145,1,NA,"transition_matrix_mortality",NA,NA,NA,NA
1,16,"stage_transition",92,23,1689.43680805664,1124.09501806329,1,2,"transition_kernel",1689.43680805664,1124.09501806329,1,FALSE
1,16,"stage_transition",95,27,1240.31794873143,1430.62194002835,1,2,"transition_kernel",1240.31794873143,1430.62194002835,1,FALSE
1,16,"stage_transition",96,28,1332.2033094483,1398.09992536942,1,2,"transition_kernel",1332.2033094483,1398.09992536942,1,FALSE
1,16,"stage_transition",131,22,824.235636748671,487.659024885094,1,2,"transition_kernel",824.235636748671,487.659024885094,1,FALSE
1,16,"stage_transition",138,34,1299.11904346011,1925.58073649202,1,2,"transition_kernel",1299.11904346011,1925.58073649202,1,FALSE
1,16,"stage_transition",142,39,1531.56766077519,1644.99516467116,1,2,"transition_kernel",1531.56766077519,1644.99516467116,1,FALSE
1,16,"stage_transition",145,47,1745.84879157184,906.05822594244,1,2,"transition_kernel",1745.84879157184,906.05822594244,1,FALSE
1,16,"stage_transition",151,60,1581.11670119362,712.225873016081,1,2,"transition_kernel",1581.11670119362,712.225873016081,1,FALSE
1,16,"stage_transition",161,4,1213.39397020138,1734.37306220279,1,2,"transition_kernel",1213.39397020138,1734.37306220279,1,FALSE
1,16,"stage_transition",162,4,1309.77702023843,1656.89053946524,1,2,"transition_kernel",1309.77702023843,1656.89053946524,1,FALSE
1,16,"stage_transition",164,4,1629.00896365573,1468.50125995091,1,2,"transition_kernel",1629.00896365573,1468.50125995091,1,FALSE
1,16,"stage_transition",165,13,1149.46720445072,1732.30539234116,1,2,"transition_kernel",1149.46720445072,1732.30539234116,1,FALSE
1,16,"stage_transition",166,14,1370.17979973161,1464.35710855514,1,2,"transition_kernel",1370.17979973161,1464.35710855514,1,FALSE
1,16,"stage_transition",167,14,1492.97782090064,1218.19562834615,1,2,"transition_kernel",1492.97782090064,1218.19562834615,1,FALSE
1,16,"stage_transition",168,19,1384.03842334823,1360.79517168081,1,2,"transition_kernel",1384.03842334823,1360.79517168081,1,FALSE
1,16,"stage_transition",170,22,530.890647321497,682.451741599696,1,2,"transition_kernel",530.890647321497,682.451741599696,1,FALSE
1,16,"stage_transition",175,33,1709.70657457608,1180.26087969549,1,2,"transition_kernel",1709.70657457608,1180.26087969549,1,FALSE
1,16,"stage_transition",176,39,1400.1982115349,1720.83251345818,1,2,"transition_kernel",1400.1982115349,1720.83251345818,1,FALSE
1,16,"stage_transition",178,45,1013.55193309496,1261.86864626122,1,2,"transition_kernel",1013.55193309496,1261.86864626122,1,FALSE
1,16,"stage_transition",179,45,1087.2991473084,1320.39396740377,1,2,"transition_kernel",1087.2991473084,1320.39396740377,1,FALSE
1,16,"stage_transition",182,48,961.784063300413,837.278328093339,1,2,"transition_kernel",961.784063300413,837.278328093339,1,FALSE
1,16,"stage_transition",183,48,1289.58211827423,1312.78673889913,1,2,"transition_kernel",1289.58211827423,1312.78673889913,1,FALSE
1,16,"stage_transition",186,55,1762.04861333081,1193.69552482975,1,2,"transition_kernel",1762.04861333081,1193.69552482975,1,FALSE
1,16,"stage_transition",187,55,1953.43010988398,1311.40063534407,1,2,"transition_kernel",1953.43010988398,1311.40063534407,1,FALSE
1,16,"stage_transition",188,60,1448.37446293383,1374.98095044638,1,2,"transition_kernel",1448.37446293383,1374.98095044638,1,FALSE
1,16,"stage_transition",190,63,1596.16039110091,1327.77200235198,1,2,"transition_kernel",1596.16039110091,1327.77200235198,1,FALSE
1,16,"stage_transition",191,63,1355.798536487,1098.46750169917,1,2,"transition_kernel",1355.798536487,1098.46750169917,1,FALSE
1,16,"stage_transition",194,65,1617.02144500789,1212.34771041876,1,2,"transition_kernel",1617.02144500789,1212.34771041876,1,FALSE
1,16,"stage_transition",195,66,1372.97046598827,1524.75914552804,1,2,"transition_kernel",1372.97046598827,1524.75914552804,1,FALSE
1,16,"stage_transition",197,68,1012.79878177317,245.113245791985,1,2,"transition_kernel",1012.79878177317,245.113245791985,1,FALSE
1,16,"stage_transition",198,73,1075.07256472937,2978.65001781633,1,2,"transition_kernel",1075.07256472937,2978.65001781633,1,FALSE
1,16,"stage_transition",203,81,1295.06071248239,948.431519829821,1,2,"transition_kernel",1295.06071248239,948.431519829821,1,FALSE
1,16,"stage_transition",204,81,1499.29782021414,1476.52095203518,1,2,"transition_kernel",1499.29782021414,1476.52095203518,1,FALSE
1,16,"stage_transition",209,87,1639.90746408207,1881.94940242008,1,2,"transition_kernel",1639.90746408207,1881.94940242008,1,FALSE
1,16,"stage_transition",210,87,1283.12502434518,2213.61643874323,1,2,"transition_kernel",1283.12502434518,2213.61643874323,1,FALSE
1,16,"stage_transition",213,90,1714.3902278764,72.7868486911424,1,2,"transition_kernel",1714.3902278764,72.7868486911424,1,FALSE
1,16,"stage_transition",215,94,496.107774385927,1646.15901601299,1,2,"transition_kernel",496.107774385927,1646.15901601299,1,FALSE
1,16,"stage_transition",216,94,915.598978134665,1464.60884915546,1,2,"transition_kernel",915.598978134665,1464.60884915546,1,FALSE
1,16,"stage_transition",218,105,2845.69678038581,308.554779551043,1,2,"transition_kernel",2845.69678038581,308.554779551043,1,FALSE
1,16,"stage_transition",220,110,1260.1678974577,2028.5388761538,1,2,"transition_kernel",1260.1678974577,2028.5388761538,1,FALSE
1,16,"stage_transition",221,110,1024.62290223331,2097.02441783624,1,2,"transition_kernel",1024.62290223331,2097.02441783624,1,FALSE
1,16,"stage_transition",223,112,956.005811551307,2884.14816570626,1,2,"transition_kernel",956.005811551307,2884.14816570626,1,FALSE
1,16,"stage_transition",224,115,1202.73436493305,1269.38653267212,1,2,"transition_kernel",1202.73436493305,1269.38653267212,1,FALSE
1,16,"stage_transition",226,116,1340.77257178598,1465.32834232645,1,2,"transition_kernel",1340.77257178598,1465.32834232645,1,FALSE
1,16,"stage_transition",230,121,1949.52045033083,986.926136497175,1,2,"transition_kernel",1949.52045033083,986.926136497175,1,FALSE
1,16,"stage_transition",231,121,1556.14220720709,1375.80977706374,1,2,"transition_kernel",1556.14220720709,1375.80977706374,1,FALSE
1,16,"establishment",232,17,2104.41883771603,1164.69992256631,2,1,"SDD",2104.41883771603,1164.69992256631,1,FALSE
1,16,"establishment",233,19,1573.35964808087,1415.12888627937,2,1,"SDD",1573.35964808087,1415.12888627937,1,FALSE
1,16,"establishment",234,20,1088.98318901226,1678.8177623392,2,1,"SDD",1088.98318901226,1678.8177623392,1,FALSE
1,16,"establishment",235,20,1387.59056813508,1865.78031856479,2,1,"SDD",1387.59056813508,1865.78031856479,1,FALSE
1,16,"establishment",236,22,755.486460688428,704.984299471088,2,1,"SDD",755.486460688428,704.984299471088,1,FALSE
1,16,"establishment",237,23,1180.55314999947,1684.30058496221,2,1,"SDD",1180.55314999947,1684.30058496221,1,FALSE
1,16,"establishment",238,27,1622.89329434988,1978.37190364372,2,1,"SDD",1622.89329434988,1978.37190364372,1,FALSE
1,16,"establishment",239,28,1305.30278437224,1354.26276111686,2,1,"SDD",1305.30278437224,1354.26276111686,1,FALSE
1,16,"establishment",240,31,961.778109346872,1973.93593664077,2,1,"SDD",961.778109346872,1973.93593664077,1,FALSE
1,16,"establishment",241,33,1273.29369086507,1504.63492695561,2,1,"SDD",1273.29369086507,1504.63492695561,1,FALSE
1,16,"establishment",242,34,844.856765002897,1507.34120070414,2,1,"SDD",844.856765002897,1507.34120070414,1,FALSE
1,16,"establishment",243,37,1338.25719765042,1657.94347075385,2,1,"SDD",1338.25719765042,1657.94347075385,1,FALSE
1,16,"establishment",244,39,2444.65082269059,1690.54609046446,2,1,"SDD",2444.65082269059,1690.54609046446,1,FALSE
1,16,"establishment",245,39,1433.76647782485,1842.31060657984,2,1,"SDD",1433.76647782485,1842.31060657984,1,FALSE
1,16,"establishment",246,49,1627.31746390239,1011.60737027638,2,1,"SDD",1627.31746390239,1011.60737027638,1,FALSE
1,16,"establishment",247,49,1271.09629041756,1507.65870605951,2,1,"SDD",1271.09629041756,1507.65870605951,1,FALSE
1,16,"establishment",248,49,1487.53696614351,1399.17866291457,2,1,"SDD",1487.53696614351,1399.17866291457,1,FALSE
1,16,"establishment",249,56,1981.36567328067,2092.4166096414,2,1,"SDD",1981.36567328067,2092.4166096414,1,FALSE
1,16,"establishment",250,59,1725.05305751537,994.680937226417,2,1,"SDD",1725.05305751537,994.680937226417,1,FALSE
1,16,"establishment",251,59,1778.25649441984,1158.69991381839,2,1,"SDD",1778.25649441984,1158.69991381839,1,FALSE
1,16,"establishment",252,61,1738.04120101646,1462.16365109782,2,1,"SDD",1738.04120101646,1462.16365109782,1,FALSE
1,16,"establishment",253,62,1705.43648438823,1386.69613736395,2,1,"SDD",1705.43648438823,1386.69613736395,1,FALSE
1,16,"establishment",254,62,1768.58770246405,1305.03412490801,2,1,"SDD",1768.58770246405,1305.03412490801,1,FALSE
1,16,"establishment",255,64,979.368369751197,1510.5450974107,2,1,"SDD",979.368369751197,1510.5450974107,1,FALSE
1,16,"establishment",256,65,1461.23393456952,1163.79554692967,2,1,"SDD",1461.23393456952,1163.79554692967,1,FALSE
1,16,"establishment",257,66,1642.91827151088,1806.01076745738,2,1,"SDD",1642.91827151088,1806.01076745738,1,FALSE
1,16,"establishment",258,66,1574.98565515675,1343.77839224695,2,1,"SDD",1574.98565515675,1343.77839224695,1,FALSE
1,16,"establishment",259,66,1488.02319053755,1481.2531927101,2,1,"SDD",1488.02319053755,1481.2531927101,1,FALSE
1,16,"establishment",260,68,824.108161267711,1072.63095222917,2,1,"SDD",824.108161267711,1072.63095222917,1,FALSE
1,16,"establishment",261,68,700.696500291766,435.003800867073,2,1,"SDD",700.696500291766,435.003800867073,1,FALSE
1,16,"establishment",262,69,1044.76495256297,846.786372313882,2,1,"SDD",1044.76495256297,846.786372313882,1,FALSE
1,16,"establishment",263,71,1762.43601804642,1346.93925462555,2,1,"SDD",1762.43601804642,1346.93925462555,1,FALSE
1,16,"establishment",264,71,1810.74102543995,1299.27929071925,2,1,"SDD",1810.74102543995,1299.27929071925,1,FALSE
1,16,"establishment",265,71,1779.19404887474,1132.06600466006,2,1,"SDD",1779.19404887474,1132.06600466006,1,FALSE
1,16,"establishment",266,72,1782.83597476301,2076.09336927575,2,1,"SDD",1782.83597476301,2076.09336927575,1,FALSE
1,16,"establishment",267,72,1402.55560114194,1714.99742471056,2,1,"SDD",1402.55560114194,1714.99742471056,1,FALSE
1,16,"establishment",268,78,830.875604966132,1413.17094813087,2,1,"SDD",830.875604966132,1413.17094813087,1,FALSE
1,16,"establishment",269,79,1325.10688639012,1191.28816164257,2,1,"SDD",1325.10688639012,1191.28816164257,1,FALSE
1,16,"establishment",270,83,1715.86606029034,2140.02106092536,2,1,"SDD",1715.86606029034,2140.02106092536,1,FALSE
1,16,"establishment",271,83,1708.02732748472,2147.69179678741,2,1,"SDD",1708.02732748472,2147.69179678741,1,FALSE
1,16,"establishment",272,85,1654.92257668947,1858.45747392529,2,1,"SDD",1654.92257668947,1858.45747392529,1,FALSE
1,16,"establishment",273,86,574.667984389288,897.529568487701,2,1,"SDD",574.667984389288,897.529568487701,1,FALSE
1,16,"establishment",274,86,896.134019890893,736.176470961489,2,1,"SDD",896.134019890893,736.176470961489,1,FALSE
1,16,"establishment",275,86,1354.56719165528,364.236375251026,2,1,"SDD",1354.56719165528,364.236375251026,1,FALSE
1,16,"establishment",276,86,1166.58657012883,653.018540465563,2,1,"SDD",1166.58657012883,653.018540465563,1,FALSE
1,16,"establishment",277,87,1636.53414171724,2203.21657356092,2,1,"SDD",1636.53414171724,2203.21657356092,1,FALSE
1,16,"establishment",278,87,1340.34393717502,1916.05055825573,2,1,"SDD",1340.34393717502,1916.05055825573,1,FALSE
1,16,"establishment",279,88,1339.40471910527,979.085841533441,2,1,"SDD",1339.40471910527,979.085841533441,1,FALSE
1,16,"establishment",280,88,1222.44737874647,969.643108533497,2,1,"SDD",1222.44737874647,969.643108533497,1,FALSE
1,16,"establishment",281,88,1212.77300870059,1713.2934997931,2,1,"SDD",1212.77300870059,1713.2934997931,1,FALSE
1,16,"establishment",282,89,1149.23633908411,931.652416673675,2,1,"SDD",1149.23633908411,931.652416673675,1,FALSE
1,16,"establishment",283,90,1722.59811527432,218.946764446367,2,1,"SDD",1722.59811527432,218.946764446367,1,FALSE
1,16,"establishment",284,91,1943.81878707246,1514.35054610004,2,1,"SDD",1943.81878707246,1514.35054610004,1,FALSE
1,16,"establishment",285,94,848.976575456504,1373.97320871563,2,1,"SDD",848.976575456504,1373.97320871563,1,FALSE
1,16,"establishment",286,94,979.116625624471,2097.53143887897,2,1,"SDD",979.116625624471,2097.53143887897,1,FALSE
1,16,"establishment",287,94,924.872981050103,1573.78240139826,2,1,"SDD",924.872981050103,1573.78240139826,1,FALSE
1,16,"establishment",288,97,840.798489304447,1607.58297134653,2,1,"SDD",840.798489304447,1607.58297134653,1,FALSE
1,16,"establishment",289,100,1359.31767668834,1540.01118781643,2,1,"SDD",1359.31767668834,1540.01118781643,1,FALSE
1,16,"establishment",290,102,824.434890922784,2619.52728441588,2,1,"SDD",824.434890922784,2619.52728441588,1,FALSE
1,16,"establishment",291,104,849.188706455197,2020.05880213408,2,1,"SDD",849.188706455197,2020.05880213408,1,FALSE
1,16,"establishment",292,105,2246.86173776372,677.114883116321,2,1,"SDD",2246.86173776372,677.114883116321,1,FALSE
1,16,"establishment",293,105,2037.14390773622,36.2665239542107,2,1,"SDD",2037.14390773622,36.2665239542107,1,FALSE
1,16,"establishment",294,106,636.742032502747,384.537488814886,2,1,"SDD",636.742032502747,384.537488814886,1,FALSE
1,16,"establishment",295,106,1726.30766229484,40.5614160674335,2,1,"SDD",1726.30766229484,40.5614160674335,1,FALSE
1,16,"establishment",296,106,602.077814974882,294.930770702175,2,1,"SDD",602.077814974882,294.930770702175,1,FALSE
1,16,"establishment",297,106,987.486600359976,705.812864333232,2,1,"SDD",987.486600359976,705.812864333232,1,FALSE
1,16,"establishment",298,111,927.064216311315,2606.08559351878,2,1,"SDD",927.064216311315,2606.08559351878,1,FALSE
1,16,"establishment",299,112,1179.11822000512,2797.37064453948,2,1,"SDD",1179.11822000512,2797.37064453948,1,FALSE
1,16,"establishment",300,112,1631.60939555792,2444.73640307758,2,1,"SDD",1631.60939555792,2444.73640307758,1,FALSE
1,16,"establishment",301,116,539.304338994803,1489.13889508023,2,1,"SDD",539.304338994803,1489.13889508023,1,FALSE
1,16,"establishment",302,119,1958.42796233972,837.125046163766,2,1,"SDD",1958.42796233972,837.125046163766,1,FALSE
1,16,"establishment",303,119,2200.52656459053,1664.75225123236,2,1,"SDD",2200.52656459053,1664.75225123236,1,FALSE
1,16,"establishment",304,120,1634.91763625738,534.271610016588,2,1,"SDD",1634.91763625738,534.271610016588,1,FALSE
1,16,"establishment",305,120,1742.48105807092,602.835120644014,2,1,"SDD",1742.48105807092,602.835120644014,1,FALSE
1,16,"establishment",306,120,1683.05885050742,533.8478242023,2,1,"SDD",1683.05885050742,533.8478242023,1,FALSE
1,16,"establishment",307,120,1764.6813610169,450.554439420688,2,1,"SDD",1764.6813610169,450.554439420688,1,FALSE
1,16,"establishment",308,121,1674.85902069053,1096.57467181199,2,1,"SDD",1674.85902069053,1096.57467181199,1,FALSE
1,16,"establishment",309,121,1802.77343292256,1189.70644506066,2,1,"SDD",1802.77343292256,1189.70644506066,1,FALSE
1,16,"establishment",310,122,1977.38534455921,1265.38036835768,2,1,"SDD",1977.38534455921,1265.38036835768,1,FALSE
1,16,"establishment",311,122,1378.26404461241,1514.23701159748,2,1,"SDD",1378.26404461241,1514.23701159748,1,FALSE
1,16,"establishment",312,124,1324.6218535283,1354.09964265056,2,1,"SDD",1324.6218535283,1354.09964265056,1,FALSE
1,16,"establishment",313,126,1438.7643362876,1436.99117118317,2,1,"SDD",1438.7643362876,1436.99117118317,1,FALSE
1,16,"establishment",314,127,1581.09303809585,1509.0113354279,2,1,"SDD",1581.09303809585,1509.0113354279,1,FALSE
1,16,"establishment",315,127,1211.77699689545,1482.67264466389,2,1,"SDD",1211.77699689545,1482.67264466389,1,FALSE
1,16,"establishment",316,128,1258.89390500165,1727.43011512138,2,1,"SDD",1258.89390500165,1727.43011512138,1,FALSE
1,16,"establishment",317,129,1093.72452240108,1933.06433230415,2,1,"SDD",1093.72452240108,1933.06433230415,1,FALSE
1,16,"establishment",318,129,1110.24534890479,1947.124875678,2,1,"SDD",1110.24534890479,1947.124875678,1,FALSE
1,16,"establishment",319,130,267.966217362022,40.3467957509673,2,1,"SDD",267.966217362022,40.3467957509673,1,FALSE
1,16,"establishment",320,132,1364.68260625491,1598.83297015908,2,1,"SDD",1364.68260625491,1598.83297015908,1,FALSE
1,16,"establishment",321,132,1392.85525159748,653.810544910651,2,1,"SDD",1392.85525159748,653.810544910651,1,FALSE
1,16,"establishment",322,132,1596.30945907727,950.408028986162,2,1,"SDD",1596.30945907727,950.408028986162,1,FALSE
1,16,"establishment",323,133,1621.65229849777,1980.60192335992,2,1,"SDD",1621.65229849777,1980.60192335992,1,FALSE
1,16,"establishment",324,133,2077.21315456038,2322.96631526336,2,1,"SDD",2077.21315456038,2322.96631526336,1,FALSE
1,16,"establishment",325,133,1605.40478686353,2417.11079530341,2,1,"SDD",1605.40478686353,2417.11079530341,1,FALSE
1,16,"establishment",326,133,1656.90071155912,1868.87829064008,2,1,"SDD",1656.90071155912,1868.87829064008,1,FALSE
1,16,"establishment",327,134,818.936246251494,2330.53419437708,2,1,"SDD",818.936246251494,2330.53419437708,1,FALSE
1,16,"establishment",328,137,789.399068818181,1890.00234619224,2,1,"SDD",789.399068818181,1890.00234619224,1,FALSE
1,16,"establishment",329,140,429.963334122736,2133.90216181506,2,1,"SDD",429.963334122736,2133.90216181506,1,FALSE
1,16,"establishment",330,147,1803.66690552328,1394.67585833586,2,1,"SDD",1803.66690552328,1394.67585833586,1,FALSE
1,16,"establishment",331,147,1709.15190942158,1353.66416397972,2,1,"SDD",1709.15190942158,1353.66416397972,1,FALSE
1,16,"establishment",332,147,1388.54041558738,302.926929514033,2,1,"SDD",1388.54041558738,302.926929514033,1,FALSE
1,16,"establishment",333,152,1041.14920121313,1666.77026542357,2,1,"SDD",1041.14920121313,1666.77026542357,1,FALSE
1,16,"establishment",334,152,680.966799656546,1581.11277609135,2,1,"SDD",680.966799656546,1581.11277609135,1,FALSE
1,16,"establishment",335,153,1632.20762848759,1369.95739343327,2,1,"SDD",1632.20762848759,1369.95739343327,1,FALSE
1,16,"establishment",336,155,1162.02139323775,1442.29216133291,2,1,"SDD",1162.02139323775,1442.29216133291,1,FALSE
1,16,"establishment",337,155,1033.36051363169,1544.17677255498,2,1,"SDD",1033.36051363169,1544.17677255498,1,FALSE
1,16,"establishment",338,156,1181.0336505076,890.6727371666,2,1,"SDD",1181.0336505076,890.6727371666,1,FALSE
1,16,"establishment",339,156,1007.17275584071,495.136392853087,2,1,"SDD",1007.17275584071,495.136392853087,1,FALSE
1,16,"establishment",340,158,1090.32042759619,2190.93639824215,2,1,"SDD",1090.32042759619,2190.93639824215,1,FALSE
1,16,"establishment",341,158,940.850265980915,1952.26019279841,2,1,"SDD",940.850265980915,1952.26019279841,1,FALSE
1,16,"establishment",342,159,1209.31723135537,1435.43591481983,2,1,"SDD",1209.31723135537,1435.43591481983,1,FALSE
1,16,"establishment",343,159,1259.0274571351,2054.57066163147,2,1,"SDD",1259.0274571351,2054.57066163147,1,FALSE
1,17,"death",17,5,1589.12725087032,1494.74703179027,2,NA,"transition_matrix_mortality",NA,NA,NA,NA
1,17,"death",64,16,1023.00820888406,1485.40060389113,2,NA,"transition_matrix_mortality",NA,NA,NA,NA
1,17,"death",72,25,1380.94978737322,1834.96879913884,2,NA,"transition_matrix_mortality",NA,NA,NA,NA
1,17,"death",73,27,1729.81424550557,2634.59278085091,2,NA,"transition_matrix_mortality",NA,NA,NA,NA
1,17,"death",83,9,1671.96759243277,2096.3579848811,2,NA,"transition_matrix_mortality",NA,NA,NA,NA
1,17,"death",85,16,1529.95506706946,1466.85045789081,2,NA,"transition_matrix_mortality",NA,NA,NA,NA
1,17,"death",88,22,1321.75923871798,892.192064548042,2,NA,"transition_matrix_mortality",NA,NA,NA,NA
1,17,"death",90,22,1676.76427550897,206.903425640166,2,NA,"transition_matrix_mortality",NA,NA,NA,NA
1,17,"death",95,27,1240.31794873143,1430.62194002835,2,NA,"transition_matrix_mortality",NA,NA,NA,NA
1,17,"death",102,34,956.536883502261,1810.49115863333,2,NA,"transition_matrix_mortality",NA,NA,NA,NA
1,17,"death",109,39,1646.22363769004,1767.43198509953,2,NA,"transition_matrix_mortality",NA,NA,NA,NA
1,17,"death",116,45,973.64339615728,1204.47954532719,2,NA,"transition_matrix_mortality",NA,NA,NA,NA
1,17,"death",133,27,1627.13785741654,1889.93994120346,2,NA,"transition_matrix_mortality",NA,NA,NA,NA
1,17,"death",137,33,1151.20912948695,1449.15328583392,2,NA,"transition_matrix_mortality",NA,NA,NA,NA
1,17,"death",138,34,1299.11904346011,1925.58073649202,2,NA,"transition_matrix_mortality",NA,NA,NA,NA
1,17,"death",145,47,1745.84879157184,906.05822594244,2,NA,"transition_matrix_mortality",NA,NA,NA,NA
1,17,"death",151,60,1581.11670119362,712.225873016081,2,NA,"transition_matrix_mortality",NA,NA,NA,NA
1,17,"death",168,19,1384.03842334823,1360.79517168081,2,NA,"transition_matrix_mortality",NA,NA,NA,NA
1,17,"death",182,48,961.784063300413,837.278328093339,2,NA,"transition_matrix_mortality",NA,NA,NA,NA
1,17,"death",185,52,2209.64921084636,1367.51511540806,1,NA,"transition_matrix_mortality",NA,NA,NA,NA
1,17,"death",186,55,1762.04861333081,1193.69552482975,2,NA,"transition_matrix_mortality",NA,NA,NA,NA
1,17,"death",187,55,1953.43010988398,1311.40063534407,2,NA,"transition_matrix_mortality",NA,NA,NA,NA
1,17,"death",198,73,1075.07256472937,2978.65001781633,2,NA,"transition_matrix_mortality",NA,NA,NA,NA
1,17,"death",203,81,1295.06071248239,948.431519829821,2,NA,"transition_matrix_mortality",NA,NA,NA,NA
1,17,"death",215,94,496.107774385927,1646.15901601299,2,NA,"transition_matrix_mortality",NA,NA,NA,NA
1,17,"death",216,94,915.598978134665,1464.60884915546,2,NA,"transition_matrix_mortality",NA,NA,NA,NA
1,17,"death",232,17,2104.41883771603,1164.69992256631,1,NA,"transition_matrix_mortality",NA,NA,NA,NA
1,17,"death",237,23,1180.55314999947,1684.30058496221,1,NA,"transition_matrix_mortality",NA,NA,NA,NA
1,17,"death",240,31,961.778109346872,1973.93593664077,1,NA,"transition_matrix_mortality",NA,NA,NA,NA
1,17,"death",244,39,2444.65082269059,1690.54609046446,1,NA,"transition_matrix_mortality",NA,NA,NA,NA
1,17,"death",246,49,1627.31746390239,1011.60737027638,1,NA,"transition_matrix_mortality",NA,NA,NA,NA
1,17,"death",254,62,1768.58770246405,1305.03412490801,1,NA,"transition_matrix_mortality",NA,NA,NA,NA
1,17,"death",256,65,1461.23393456952,1163.79554692967,1,NA,"transition_matrix_mortality",NA,NA,NA,NA
1,17,"death",260,68,824.108161267711,1072.63095222917,1,NA,"transition_matrix_mortality",NA,NA,NA,NA
1,17,"death",263,71,1762.43601804642,1346.93925462555,1,NA,"transition_matrix_mortality",NA,NA,NA,NA
1,17,"death",277,87,1636.53414171724,2203.21657356092,1,NA,"transition_matrix_mortality",NA,NA,NA,NA
1,17,"death",278,87,1340.34393717502,1916.05055825573,1,NA,"transition_matrix_mortality",NA,NA,NA,NA
1,17,"death",279,88,1339.40471910527,979.085841533441,1,NA,"transition_matrix_mortality",NA,NA,NA,NA
1,17,"death",282,89,1149.23633908411,931.652416673675,1,NA,"transition_matrix_mortality",NA,NA,NA,NA
1,17,"death",283,90,1722.59811527432,218.946764446367,1,NA,"transition_matrix_mortality",NA,NA,NA,NA
1,17,"death",286,94,979.116625624471,2097.53143887897,1,NA,"transition_matrix_mortality",NA,NA,NA,NA
1,17,"death",297,106,987.486600359976,705.812864333232,1,NA,"transition_matrix_mortality",NA,NA,NA,NA
1,17,"death",308,121,1674.85902069053,1096.57467181199,1,NA,"transition_matrix_mortality",NA,NA,NA,NA
1,17,"death",320,132,1364.68260625491,1598.83297015908,1,NA,"transition_matrix_mortality",NA,NA,NA,NA
1,17,"death",321,132,1392.85525159748,653.810544910651,1,NA,"transition_matrix_mortality",NA,NA,NA,NA
1,17,"death",329,140,429.963334122736,2133.90216181506,1,NA,"transition_matrix_mortality",NA,NA,NA,NA
1,17,"death",342,159,1209.31723135537,1435.43591481983,1,NA,"transition_matrix_mortality",NA,NA,NA,NA
1,17,"stage_transition",136,31,1389.7436670474,1654.02384659641,1,2,"transition_kernel",1389.7436670474,1654.02384659641,1,FALSE
1,17,"stage_transition",157,73,479.690579233043,2494.38872248078,1,2,"transition_kernel",479.690579233043,2494.38872248078,1,FALSE
1,17,"stage_transition",163,4,1965.13637864158,1848.94735051093,1,2,"transition_kernel",1965.13637864158,1848.94735051093,1,FALSE
1,17,"stage_transition",169,20,883.167852091342,1728.92339417585,1,2,"transition_kernel",883.167852091342,1728.92339417585,1,FALSE
1,17,"stage_transition",171,23,1503.7334726612,1489.07426400476,1,2,"transition_kernel",1503.7334726612,1489.07426400476,1,FALSE
1,17,"stage_transition",177,39,1376.78835545765,1800.09982983718,1,2,"transition_kernel",1376.78835545765,1800.09982983718,1,FALSE
1,17,"stage_transition",180,46,1109.26878068667,810.88589287383,1,2,"transition_kernel",1109.26878068667,810.88589287383,1,FALSE
1,17,"stage_transition",205,83,1677.68516530043,2168.73718159214,1,2,"transition_kernel",1677.68516530043,2168.73718159214,1,FALSE
1,17,"stage_transition",207,86,1001.41094058125,721.076488723915,1,2,"transition_kernel",1001.41094058125,721.076488723915,1,FALSE
1,17,"stage_transition",212,88,1307.15504122726,991.895186996762,1,2,"transition_kernel",1307.15504122726,991.895186996762,1,FALSE
1,17,"stage_transition",228,121,1843.59920996829,1258.1500561358,1,2,"transition_kernel",1843.59920996829,1258.1500561358,1,FALSE
1,17,"stage_transition",229,121,1999.887360116,1098.56335801066,1,2,"transition_kernel",1999.887360116,1098.56335801066,1,FALSE
1,17,"stage_transition",233,19,1842.50725344854,1362.27621012006,1,2,"transition_kernel",1842.50725344854,1362.27621012006,1,FALSE
1,17,"stage_transition",234,20,1090.52834397289,1698.15118778148,1,2,"transition_kernel",1090.52834397289,1698.15118778148,1,FALSE
1,17,"stage_transition",235,20,1264.09123509544,1963.7795728436,1,2,"transition_kernel",1264.09123509544,1963.7795728436,1,FALSE
1,17,"stage_transition",236,22,750.294056261568,695.284906033443,1,2,"transition_kernel",750.294056261568,695.284906033443,1,FALSE
1,17,"stage_transition",239,28,1210.02241362203,1327.98901505295,1,2,"transition_kernel",1210.02241362203,1327.98901505295,1,FALSE
1,17,"stage_transition",241,33,1263.56044728356,1444.16076459094,1,2,"transition_kernel",1263.56044728356,1444.16076459094,1,FALSE
1,17,"stage_transition",242,34,851.950982762359,1508.92791252484,1,2,"transition_kernel",851.950982762359,1508.92791252484,1,FALSE
1,17,"stage_transition",245,39,1404.88490661445,1840.13097643132,1,2,"transition_kernel",1404.88490661445,1840.13097643132,1,FALSE
1,17,"stage_transition",248,49,1484.41804833147,1385.85123501683,1,2,"transition_kernel",1484.41804833147,1385.85123501683,1,FALSE
1,17,"stage_transition",249,56,2103.79850924422,2160.47517372718,1,2,"transition_kernel",2103.79850924422,2160.47517372718,1,FALSE
1,17,"stage_transition",250,59,1810.27651501864,995.114949144882,1,2,"transition_kernel",1810.27651501864,995.114949144882,1,FALSE
1,17,"stage_transition",251,59,1702.89032188318,1096.32527532867,1,2,"transition_kernel",1702.89032188318,1096.32527532867,1,FALSE
1,17,"stage_transition",252,61,1769.89558705134,1522.76195259525,1,2,"transition_kernel",1769.89558705134,1522.76195259525,1,FALSE
1,17,"stage_transition",253,62,1619.61565958427,1474.54933939662,1,2,"transition_kernel",1619.61565958427,1474.54933939662,1,FALSE
1,17,"stage_transition",255,64,976.719316525554,1574.43417863319,1,2,"transition_kernel",976.719316525554,1574.43417863319,1,FALSE
1,17,"stage_transition",257,66,1688.48772834171,1767.04593292639,1,2,"transition_kernel",1688.48772834171,1767.04593292639,1,FALSE
1,17,"stage_transition",258,66,1406.97754128838,1272.49069263481,1,2,"transition_kernel",1406.97754128838,1272.49069263481,1,FALSE
1,17,"stage_transition",259,66,1315.84257231713,1139.95057669971,1,2,"transition_kernel",1315.84257231713,1139.95057669971,1,FALSE
1,17,"stage_transition",264,71,1812.89972998266,1304.02983744592,1,2,"transition_kernel",1812.89972998266,1304.02983744592,1,FALSE
1,17,"stage_transition",266,72,1800.72590257025,2054.76260273971,1,2,"transition_kernel",1800.72590257025,2054.76260273971,1,FALSE
1,17,"stage_transition",268,78,700.625943354401,1392.38282902415,1,2,"transition_kernel",700.625943354401,1392.38282902415,1,FALSE
1,17,"stage_transition",269,79,1314.16983666691,1185.16025760354,1,2,"transition_kernel",1314.16983666691,1185.16025760354,1,FALSE
1,17,"stage_transition",270,83,1674.75539622243,2114.83335806047,1,2,"transition_kernel",1674.75539622243,2114.83335806047,1,FALSE
1,17,"stage_transition",271,83,1697.49062875803,2141.88443074713,1,2,"transition_kernel",1697.49062875803,2141.88443074713,1,FALSE
1,17,"stage_transition",272,85,1664.40234607081,1831.38692668799,1,2,"transition_kernel",1664.40234607081,1831.38692668799,1,FALSE
1,17,"stage_transition",273,86,577.950744883453,896.404637437744,1,2,"transition_kernel",577.950744883453,896.404637437744,1,FALSE
1,17,"stage_transition",274,86,1037.92298954658,827.507041844325,1,2,"transition_kernel",1037.92298954658,827.507041844325,1,FALSE
1,17,"stage_transition",275,86,1313.59654308846,385.016257814956,1,2,"transition_kernel",1313.59654308846,385.016257814956,1,FALSE
1,17,"stage_transition",280,88,1245.07924299496,916.774465715175,1,2,"transition_kernel",1245.07924299496,916.774465715175,1,FALSE
1,17,"stage_transition",281,88,1193.98961182633,1849.02749745199,1,2,"transition_kernel",1193.98961182633,1849.02749745199,1,FALSE
1,17,"stage_transition",284,91,2005.8943949176,1481.99994956439,1,2,"transition_kernel",2005.8943949176,1481.99994956439,1,FALSE
1,17,"stage_transition",287,94,954.304482752828,1594.01641965859,1,2,"transition_kernel",954.304482752828,1594.01641965859,1,FALSE
1,17,"stage_transition",288,97,711.132157945681,1739.87588746939,1,2,"transition_kernel",711.132157945681,1739.87588746939,1,FALSE
1,17,"stage_transition",290,102,842.293662241559,2598.30464560481,1,2,"transition_kernel",842.293662241559,2598.30464560481,1,FALSE
1,17,"stage_transition",291,104,741.147081725187,1881.51849276682,1,2,"transition_kernel",741.147081725187,1881.51849276682,1,FALSE
1,17,"stage_transition",292,105,2296.48023007896,801.66218332615,1,2,"transition_kernel",2296.48023007896,801.66218332615,1,FALSE
1,17,"stage_transition",293,105,2080.11495840463,31.6084838282198,1,2,"transition_kernel",2080.11495840463,31.6084838282198,1,FALSE
1,17,"stage_transition",295,106,1689.53610810614,76.7547277930935,1,2,"transition_kernel",1689.53610810614,76.7547277930935,1,FALSE
1,17,"stage_transition",296,106,640.223818897298,343.005149981965,1,2,"transition_kernel",640.223818897298,343.005149981965,1,FALSE
1,17,"stage_transition",299,112,1145.68053740278,2800.07733072442,1,2,"transition_kernel",1145.68053740278,2800.07733072442,1,FALSE
1,17,"stage_transition",300,112,1900.13136077391,2530.05548968795,1,2,"transition_kernel",1900.13136077391,2530.05548968795,1,FALSE
1,17,"stage_transition",301,116,547.558894408364,1518.43459396188,1,2,"transition_kernel",547.558894408364,1518.43459396188,1,FALSE
1,17,"stage_transition",302,119,1980.42347398545,871.574456006066,1,2,"transition_kernel",1980.42347398545,871.574456006066,1,FALSE
1,17,"stage_transition",303,119,2199.88472236355,1662.93019715292,1,2,"transition_kernel",2199.88472236355,1662.93019715292,1,FALSE
1,17,"stage_transition",304,120,1631.86136370855,570.070745368804,1,2,"transition_kernel",1631.86136370855,570.070745368804,1,FALSE
1,17,"stage_transition",305,120,1716.43261033502,570.639232338149,1,2,"transition_kernel",1716.43261033502,570.639232338149,1,FALSE
1,17,"stage_transition",306,120,1733.72366371892,547.332386285934,1,2,"transition_kernel",1733.72366371892,547.332386285934,1,FALSE
1,17,"stage_transition",307,120,1752.68806057508,476.318804183718,1,2,"transition_kernel",1752.68806057508,476.318804183718,1,FALSE
1,17,"stage_transition",309,121,1943.5073689143,1141.66703302973,1,2,"transition_kernel",1943.5073689143,1141.66703302973,1,FALSE
1,17,"stage_transition",310,122,2013.36779503675,1311.72802870002,1,2,"transition_kernel",2013.36779503675,1311.72802870002,1,FALSE
1,17,"stage_transition",311,122,1363.13885044677,1469.26807427646,1,2,"transition_kernel",1363.13885044677,1469.26807427646,1,FALSE
1,17,"stage_transition",312,124,1295.83777031102,1044.40381476192,1,2,"transition_kernel",1295.83777031102,1044.40381476192,1,FALSE
1,17,"stage_transition",314,127,1584.70865883158,1508.67375088431,1,2,"transition_kernel",1584.70865883158,1508.67375088431,1,FALSE
1,17,"stage_transition",316,128,1212.33073139369,1670.12838905455,1,2,"transition_kernel",1212.33073139369,1670.12838905455,1,FALSE
1,17,"stage_transition",317,129,1106.78987589224,1902.59690832409,1,2,"transition_kernel",1106.78987589224,1902.59690832409,1,FALSE
1,17,"stage_transition",318,129,1081.54218992751,1881.31839056829,1,2,"transition_kernel",1081.54218992751,1881.31839056829,1,FALSE
1,17,"stage_transition",319,130,403.526669245043,69.2777007281252,1,2,"transition_kernel",403.526669245043,69.2777007281252,1,FALSE
1,17,"stage_transition",322,132,1476.78582855552,1111.00489599843,1,2,"transition_kernel",1476.78582855552,1111.00489599843,1,FALSE
1,17,"stage_transition",323,133,1626.25615431642,1985.39515950935,1,2,"transition_kernel",1626.25615431642,1985.39515950935,1,FALSE
1,17,"stage_transition",324,133,2054.24720617671,2280.61936396111,1,2,"transition_kernel",2054.24720617671,2280.61936396111,1,FALSE
1,17,"stage_transition",325,133,1620.16255214184,2423.05951105118,1,2,"transition_kernel",1620.16255214184,2423.05951105118,1,FALSE
1,17,"stage_transition",328,137,1040.98431398193,1872.49236614916,1,2,"transition_kernel",1040.98431398193,1872.49236614916,1,FALSE
1,17,"stage_transition",330,147,1816.1498101367,1337.18310801619,1,2,"transition_kernel",1816.1498101367,1337.18310801619,1,FALSE
1,17,"stage_transition",331,147,1735.75628037722,1381.96368707932,1,2,"transition_kernel",1735.75628037722,1381.96368707932,1,FALSE
1,17,"stage_transition",333,152,1162.96954716158,1355.79240267022,1,2,"transition_kernel",1162.96954716158,1355.79240267022,1,FALSE
1,17,"stage_transition",335,153,1681.04032430702,1380.25661940839,1,2,"transition_kernel",1681.04032430702,1380.25661940839,1,FALSE
1,17,"stage_transition",337,155,1030.87727694791,1455.22819255849,1,2,"transition_kernel",1030.87727694791,1455.22819255849,1,FALSE
1,17,"stage_transition",338,156,1172.92834965691,894.31008114641,1,2,"transition_kernel",1172.92834965691,894.31008114641,1,FALSE
1,17,"stage_transition",339,156,860.818164250762,407.102061235291,1,2,"transition_kernel",860.818164250762,407.102061235291,1,FALSE
1,17,"stage_transition",340,158,1078.95121949937,2211.81738963357,1,2,"transition_kernel",1078.95121949937,2211.81738963357,1,FALSE
1,17,"stage_transition",343,159,1306.6941651841,1988.79104659074,1,2,"transition_kernel",1306.6941651841,1988.79104659074,1,FALSE
1,17,"establishment",344,4,1510.70356140414,1614.49011907856,2,1,"SDD",1510.70356140414,1614.49011907856,1,FALSE
1,17,"establishment",345,4,1018.02959101754,1533.74179192168,2,1,"SDD",1018.02959101754,1533.74179192168,1,FALSE
1,17,"establishment",346,4,1578.61473486203,1549.90807333134,2,1,"SDD",1578.61473486203,1549.90807333134,1,FALSE
1,17,"establishment",347,13,1958.30452059987,1492.46699175685,2,1,"SDD",1958.30452059987,1492.46699175685,1,FALSE
1,17,"establishment",348,17,1616.94905724652,1538.28616117876,2,1,"SDD",1616.94905724652,1538.28616117876,1,FALSE
1,17,"establishment",349,19,1360.54279250307,1694.78245926239,2,1,"SDD",1360.54279250307,1694.78245926239,1,FALSE
1,17,"establishment",350,19,1488.87399047394,1468.20017466141,2,1,"SDD",1488.87399047394,1468.20017466141,1,FALSE
1,17,"establishment",351,19,1476.40383148,1404.64420665496,2,1,"SDD",1476.40383148,1404.64420665496,1,FALSE
1,17,"establishment",352,22,1208.02911509896,372.225108426585,2,1,"SDD",1208.02911509896,372.225108426585,1,FALSE
1,17,"establishment",353,22,625.12186698003,654.309799408401,2,1,"SDD",625.12186698003,654.309799408401,1,FALSE
1,17,"establishment",354,22,758.628060356612,762.00390420369,2,1,"SDD",758.628060356612,762.00390420369,1,FALSE
1,17,"establishment",355,27,1765.50307767556,1888.30386015505,2,1,"SDD",1765.50307767556,1888.30386015505,1,FALSE
1,17,"establishment",356,27,1405.55183957087,1989.21991081817,2,1,"SDD",1405.55183957087,1989.21991081817,1,FALSE
1,17,"establishment",357,37,1210.06937157958,1801.32854135162,2,1,"SDD",1210.06937157958,1801.32854135162,1,FALSE
1,17,"establishment",358,45,1078.56354735896,1275.1188242599,2,1,"SDD",1078.56354735896,1275.1188242599,1,FALSE
1,17,"establishment",359,48,1317.23019171678,935.663749027394,2,1,"SDD",1317.23019171678,935.663749027394,1,FALSE
1,17,"establishment",360,49,1494.22570047702,2127.93529413602,2,1,"SDD",1494.22570047702,2127.93529413602,1,FALSE
1,17,"establishment",361,49,1496.42489057308,1507.83698535981,2,1,"SDD",1496.42489057308,1507.83698535981,1,FALSE
1,17,"establishment",362,49,1239.19621721116,1087.24935558593,2,1,"SDD",1239.19621721116,1087.24935558593,1,FALSE
1,17,"establishment",363,49,775.126970830565,1761.40791725952,2,1,"SDD",775.126970830565,1761.40791725952,1,FALSE
1,17,"establishment",364,56,2025.49522969252,1909.65611562625,2,1,"SDD",2025.49522969252,1909.65611562625,1,FALSE
1,17,"establishment",365,61,1834.7872399969,818.76873607579,2,1,"SDD",1834.7872399969,818.76873607579,1,FALSE
1,17,"establishment",366,62,1591.55909111494,823.77279300082,2,1,"SDD",1591.55909111494,823.77279300082,1,FALSE
1,17,"establishment",367,62,1631.1305382939,1001.32839612489,2,1,"SDD",1631.1305382939,1001.32839612489,1,FALSE
1,17,"establishment",368,63,1490.64600324252,1575.12583519653,2,1,"SDD",1490.64600324252,1575.12583519653,1,FALSE
1,17,"establishment",369,63,1236.12477447854,1528.97568730717,2,1,"SDD",1236.12477447854,1528.97568730717,1,FALSE
1,17,"establishment",370,63,1122.72033912932,1182.42875171376,2,1,"SDD",1122.72033912932,1182.42875171376,1,FALSE
1,17,"establishment",371,63,1538.51625832976,1567.19580046044,2,1,"SDD",1538.51625832976,1567.19580046044,1,FALSE
1,17,"establishment",372,64,1289.52652353515,1192.1761673549,2,1,"SDD",1289.52652353515,1192.1761673549,1,FALSE
1,17,"establishment",373,64,906.655185130962,1808.05063637422,2,1,"SDD",906.655185130962,1808.05063637422,1,FALSE
1,17,"establishment",374,64,1026.88442185059,1481.83109015583,2,1,"SDD",1026.88442185059,1481.83109015583,1,FALSE
1,17,"establishment",375,66,1614.31431284136,1356.09774934718,2,1,"SDD",1614.31431284136,1356.09774934718,1,FALSE
1,17,"establishment",376,66,1776.72768490175,1220.63883189483,2,1,"SDD",1776.72768490175,1220.63883189483,1,FALSE
1,17,"establishment",377,71,1809.15390472332,1251.51310482475,2,1,"SDD",1809.15390472332,1251.51310482475,1,FALSE
1,17,"establishment",378,73,1634.99707058544,2634.63246002829,2,1,"SDD",1634.99707058544,2634.63246002829,1,FALSE
1,17,"establishment",379,73,1761.25800876771,2431.24380491971,2,1,"SDD",1761.25800876771,2431.24380491971,1,FALSE
1,17,"establishment",380,79,1244.85869952627,1341.23361507299,2,1,"SDD",1244.85869952627,1341.23361507299,1,FALSE
1,17,"establishment",381,79,1390.26357183751,1481.76200820938,2,1,"SDD",1390.26357183751,1481.76200820938,1,FALSE
1,17,"establishment",382,79,1273.64913522737,1635.25302160334,2,1,"SDD",1273.64913522737,1635.25302160334,1,FALSE
1,17,"establishment",383,79,1305.91915638856,1568.13625705028,2,1,"SDD",1305.91915638856,1568.13625705028,1,FALSE
1,17,"establishment",384,79,1208.62955040295,1471.42857758905,2,1,"SDD",1208.62955040295,1471.42857758905,1,FALSE
1,17,"establishment",385,79,935.691322195842,1501.23401881124,2,1,"SDD",935.691322195842,1501.23401881124,1,FALSE
1,17,"establishment",386,85,1188.68613907889,1709.25385509276,2,1,"SDD",1188.68613907889,1709.25385509276,1,FALSE
1,17,"establishment",387,85,1825.24984361977,1228.06114137467,2,1,"SDD",1825.24984361977,1228.06114137467,1,FALSE
1,17,"establishment",388,87,1425.70793321318,1861.41216012964,2,1,"SDD",1425.70793321318,1861.41216012964,1,FALSE
1,17,"establishment",389,87,1342.15609370953,2246.24519584596,2,1,"SDD",1342.15609370953,2246.24519584596,1,FALSE
1,17,"establishment",390,88,1411.06454697386,982.477769135888,2,1,"SDD",1411.06454697386,982.477769135888,1,FALSE
1,17,"establishment",391,89,917.438724324492,882.44645123041,2,1,"SDD",917.438724324492,882.44645123041,1,FALSE
1,17,"establishment",392,91,1493.38415293059,1439.97048058435,2,1,"SDD",1493.38415293059,1439.97048058435,1,FALSE
1,17,"establishment",393,92,1773.12652836648,1119.62975766071,2,1,"SDD",1773.12652836648,1119.62975766071,1,FALSE
1,17,"establishment",394,95,975.934505713415,1182.3661446663,2,1,"SDD",975.934505713415,1182.3661446663,1,FALSE
1,17,"establishment",395,96,1860.57174435892,1174.59322630241,2,1,"SDD",1860.57174435892,1174.59322630241,1,FALSE
1,17,"establishment",396,96,1449.34536866508,1613.78752808599,2,1,"SDD",1449.34536866508,1613.78752808599,1,FALSE
1,17,"establishment",397,96,1169.72163864853,1551.48601010926,2,1,"SDD",1169.72163864853,1551.48601010926,1,FALSE
1,17,"establishment",398,97,1006.47698848496,1287.3433440235,2,1,"SDD",1006.47698848496,1287.3433440235,1,FALSE
1,17,"establishment",399,100,1403.28407443413,1486.72216469686,2,1,"SDD",1403.28407443413,1486.72216469686,1,FALSE
1,17,"establishment",400,104,1103.60647463054,1550.59199911825,2,1,"SDD",1103.60647463054,1550.59199911825,1,FALSE
1,17,"establishment",401,111,572.353272882145,2361.85605435055,2,1,"SDD",572.353272882145,2361.85605435055,1,FALSE
1,17,"establishment",402,112,1236.98516853483,2621.97806296655,2,1,"SDD",1236.98516853483,2621.97806296655,1,FALSE
1,17,"establishment",403,115,908.104596257988,1072.53259249912,2,1,"SDD",908.104596257988,1072.53259249912,1,FALSE
1,17,"establishment",404,119,2208.35006297782,1071.303426663,2,1,"SDD",2208.35006297782,1071.303426663,1,FALSE
1,17,"establishment",405,119,2327.83194496058,945.897845486294,2,1,"SDD",2327.83194496058,945.897845486294,1,FALSE
1,17,"establishment",406,119,2390.41424949636,633.19606812636,2,1,"SDD",2390.41424949636,633.19606812636,1,FALSE
1,17,"establishment",407,119,2266.04060250856,605.160847447037,2,1,"SDD",2266.04060250856,605.160847447037,1,FALSE
1,17,"establishment",408,119,2448.26979056198,425.022897205882,2,1,"SDD",2448.26979056198,425.022897205882,1,FALSE
1,17,"establishment",409,120,1146.40387331777,525.437276607888,2,1,"SDD",1146.40387331777,525.437276607888,1,FALSE
1,17,"establishment",410,120,1614.69435227293,681.904598239636,2,1,"SDD",1614.69435227293,681.904598239636,1,FALSE
1,17,"establishment",411,121,1703.63110810181,1078.35679220798,2,1,"SDD",1703.63110810181,1078.35679220798,1,FALSE
1,17,"establishment",412,121,1838.09929263109,1192.46042926092,2,1,"SDD",1838.09929263109,1192.46042926092,1,FALSE
1,17,"establishment",413,121,1912.65572276876,1042.06018797578,2,1,"SDD",1912.65572276876,1042.06018797578,1,FALSE
1,17,"establishment",414,124,1264.02353294919,1251.45268472104,2,1,"SDD",1264.02353294919,1251.45268472104,1,FALSE
1,17,"establishment",415,124,876.871960312363,1213.93104778743,2,1,"SDD",876.871960312363,1213.93104778743,1,FALSE
1,17,"establishment",416,126,1377.65573896647,1172.62752873701,2,1,"SDD",1377.65573896647,1172.62752873701,1,FALSE
1,17,"establishment",417,127,1798.51759831915,2103.33806395416,2,1,"SDD",1798.51759831915,2103.33806395416,1,FALSE
1,17,"establishment",418,128,1489.76647086293,1474.36802808736,2,1,"SDD",1489.76647086293,1474.36802808736,1,FALSE
1,17,"establishment",419,128,1469.21762181697,1699.02196745911,2,1,"SDD",1469.21762181697,1699.02196745911,1,FALSE
1,17,"establishment",420,130,539.952474073291,334.236889081762,2,1,"SDD",539.952474073291,334.236889081762,1,FALSE
1,17,"establishment",421,133,1659.03809240447,1880.0486913137,2,1,"SDD",1659.03809240447,1880.0486913137,1,FALSE
1,17,"establishment",422,134,1090.76964815328,1137.60852279492,2,1,"SDD",1090.76964815328,1137.60852279492,1,FALSE
1,17,"establishment",423,142,1677.80398285728,2173.11790425201,2,1,"SDD",1677.80398285728,2173.11790425201,1,FALSE
1,17,"establishment",424,142,1366.94845559912,1563.0058305233,2,1,"SDD",1366.94845559912,1563.0058305233,1,FALSE
1,17,"establishment",425,142,1392.59319717579,1717.40367300756,2,1,"SDD",1392.59319717579,1717.40367300756,1,FALSE
1,17,"establishment",426,145,1723.76220797753,968.141672705596,2,1,"SDD",1723.76220797753,968.141672705596,1,FALSE
1,17,"establishment",427,145,1741.3931362621,884.314184919432,2,1,"SDD",1741.3931362621,884.314184919432,1,FALSE
1,17,"establishment",428,147,1881.97445856226,1167.36662443856,2,1,"SDD",1881.97445856226,1167.36662443856,1,FALSE
1,17,"establishment",429,147,1745.0013067433,1462.09122909579,2,1,"SDD",1745.0013067433,1462.09122909579,1,FALSE
1,17,"establishment",430,151,1709.25479136122,443.105077787873,2,1,"SDD",1709.25479136122,443.105077787873,1,FALSE
1,17,"establishment",431,154,1707.02336713769,1232.01319544504,2,1,"SDD",1707.02336713769,1232.01319544504,1,FALSE
1,17,"establishment",432,158,1005.76701991451,2214.42133390799,2,1,"SDD",1005.76701991451,2214.42133390799,1,FALSE
1,17,"establishment",433,158,1114.33896802577,2061.5539859036,2,1,"SDD",1114.33896802577,2061.5539859036,1,FALSE
1,17,"establishment",434,159,1057.83788205698,2011.28134024862,2,1,"SDD",1057.83788205698,2011.28134024862,1,FALSE
1,17,"establishment",435,159,1162.25444708689,2043.99082510873,2,1,"SDD",1162.25444708689,2043.99082510873,1,FALSE
1,17,"establishment",436,159,1065.72093253355,1997.64904878628,2,1,"SDD",1065.72093253355,1997.64904878628,1,FALSE
1,17,"establishment",437,162,1131.31668892133,1944.05480602137,2,1,"SDD",1131.31668892133,1944.05480602137,1,FALSE
1,17,"establishment",438,164,1606.18322245485,1437.76295084662,2,1,"SDD",1606.18322245485,1437.76295084662,1,FALSE
1,17,"establishment",439,166,2274.03849281053,1930.49496027232,2,1,"SDD",2274.03849281053,1930.49496027232,1,FALSE
1,17,"establishment",440,166,1386.30228097147,1426.94828109705,2,1,"SDD",1386.30228097147,1426.94828109705,1,FALSE
1,17,"establishment",441,167,1585.30366720318,1242.10092131286,2,1,"SDD",1585.30366720318,1242.10092131286,1,FALSE
1,17,"establishment",442,167,1632.29733509012,1084.40237044863,2,1,"SDD",1632.29733509012,1084.40237044863,1,FALSE
1,17,"establishment",443,168,1303.79205252534,1436.50835739874,2,1,"SDD",1303.79205252534,1436.50835739874,1,FALSE
1,17,"establishment",444,170,550.347264721144,528.500254993917,2,1,"SDD",550.347264721144,528.500254993917,1,FALSE
1,17,"establishment",445,170,536.090106764387,672.1856070487,2,1,"SDD",536.090106764387,672.1856070487,1,FALSE
1,17,"establishment",446,175,1303.82180703426,1279.63363448347,2,1,"SDD",1303.82180703426,1279.63363448347,1,FALSE
1,17,"establishment",447,175,1709.16734727925,1182.0111248609,2,1,"SDD",1709.16734727925,1182.0111248609,1,FALSE
1,17,"establishment",448,175,1357.79928534839,1004.54672368233,2,1,"SDD",1357.79928534839,1004.54672368233,1,FALSE
1,17,"establishment",449,176,1375.92612112434,1688.23954037717,2,1,"SDD",1375.92612112434,1688.23954037717,1,FALSE
1,17,"establishment",450,178,97.5611862128767,1293.93277466142,2,1,"SDD",97.5611862128767,1293.93277466142,1,FALSE
1,17,"establishment",451,179,862.778499628412,1310.25574843768,2,1,"SDD",862.778499628412,1310.25574843768,1,FALSE
1,17,"establishment",452,179,1002.28336529303,1438.17883118127,2,1,"SDD",1002.28336529303,1438.17883118127,1,FALSE
1,17,"establishment",453,182,805.664515664661,681.535730082479,2,1,"SDD",805.664515664661,681.535730082479,1,FALSE
1,17,"establishment",454,183,1041.81208297024,1162.30091459288,2,1,"SDD",1041.81208297024,1162.30091459288,1,FALSE
1,17,"establishment",455,187,1883.21794056556,1199.56377983594,2,1,"SDD",1883.21794056556,1199.56377983594,1,FALSE
1,17,"establishment",456,188,1438.49136504327,1404.37853756338,2,1,"SDD",1438.49136504327,1404.37853756338,1,FALSE
1,17,"establishment",457,194,1439.86101057995,1375.84336493122,2,1,"SDD",1439.86101057995,1375.84336493122,1,FALSE
1,17,"establishment",458,195,199.28558045346,2302.62159309411,2,1,"SDD",199.28558045346,2302.62159309411,1,FALSE
1,17,"establishment",459,197,1012.18213168783,119.922110163538,2,1,"SDD",1012.18213168783,119.922110163538,1,FALSE
1,17,"establishment",460,204,2325.77487308213,1105.31033326692,2,1,"SDD",2325.77487308213,1105.31033326692,1,FALSE
1,17,"establishment",461,209,1509.92342741317,1709.7890990008,2,1,"SDD",1509.92342741317,1709.7890990008,1,FALSE
1,17,"establishment",462,210,1280.3102526059,2213.49364291993,2,1,"SDD",1280.3102526059,2213.49364291993,1,FALSE
1,17,"establishment",463,210,950.600079504507,2434.33432570905,2,1,"SDD",950.600079504507,2434.33432570905,1,FALSE
1,17,"establishment",464,213,1765.90575612088,149.137796916682,2,1,"SDD",1765.90575612088,149.137796916682,1,FALSE
1,17,"establishment",465,215,417.110327163321,1743.07156474981,2,1,"SDD",417.110327163321,1743.07156474981,1,FALSE
1,17,"establishment",466,218,2889.77751098989,440.147916914744,2,1,"SDD",2889.77751098989,440.147916914744,1,FALSE
1,17,"establishment",467,220,1340.79524058516,2018.4366623334,2,1,"SDD",1340.79524058516,2018.4366623334,1,FALSE
1,17,"establishment",468,220,1257.7373910571,2027.36880802792,2,1,"SDD",1257.7373910571,2027.36880802792,1,FALSE
1,17,"establishment",469,221,931.623961650861,2316.43491846861,2,1,"SDD",931.623961650861,2316.43491846861,1,FALSE
1,17,"establishment",470,223,1321.4150352895,2547.5472225484,2,1,"SDD",1321.4150352895,2547.5472225484,1,FALSE
1,17,"establishment",471,223,956.148901662144,1717.7128838989,2,1,"SDD",956.148901662144,1717.7128838989,1,FALSE
1,17,"establishment",472,223,1083.75613512123,2720.3603017396,2,1,"SDD",1083.75613512123,2720.3603017396,1,FALSE
1,17,"establishment",473,223,915.054083182393,2853.92107403315,2,1,"SDD",915.054083182393,2853.92107403315,1,FALSE
1,17,"establishment",474,224,530.828837039209,1107.2431183045,2,1,"SDD",530.828837039209,1107.2431183045,1,FALSE
1,17,"establishment",475,224,2065.05569263549,875.420715782572,2,1,"SDD",2065.05569263549,875.420715782572,1,FALSE
1,17,"establishment",476,226,935.868597134643,1491.81467608467,2,1,"SDD",935.868597134643,1491.81467608467,1,FALSE
1,17,"establishment",477,231,1171.15944183152,2092.56639326778,2,1,"SDD",1171.15944183152,2092.56639326778,1,FALSE
1,18,"death",68,22,853.213134154936,563.686524224707,2,NA,"transition_matrix_mortality",NA,NA,NA,NA
1,18,"death",97,31,1044.68316135355,1509.70608657041,2,NA,"transition_matrix_mortality",NA,NA,NA,NA
1,18,"death",99,32,768.826736313702,1514.54582298442,2,NA,"transition_matrix_mortality",NA,NA,NA,NA
1,18,"death",100,33,1373.48746450983,1567.39944832271,2,NA,"transition_matrix_mortality",NA,NA,NA,NA
1,18,"death",112,42,1187.37310880514,2603.81248312204,2,NA,"transition_matrix_mortality",NA,NA,NA,NA
1,18,"death",118,49,632.493686615881,2133.03852812319,2,NA,"transition_matrix_mortality",NA,NA,NA,NA
1,18,"death",126,19,1342.93790880989,1200.52138300616,2,NA,"transition_matrix_mortality",NA,NA,NA,NA
1,18,"death",127,19,1448.14726949196,1463.20975610532,2,NA,"transition_matrix_mortality",NA,NA,NA,NA
1,18,"death",128,19,1342.38850728123,1546.45223427676,2,NA,"transition_matrix_mortality",NA,NA,NA,NA
1,18,"death",134,31,1236.30850733636,1510.04024044095,2,NA,"transition_matrix_mortality",NA,NA,NA,NA
1,18,"death",156,68,1182.71146856571,637.414345880308,2,NA,"transition_matrix_mortality",NA,NA,NA,NA
1,18,"death",158,76,1034.51983038022,2169.87941234354,2,NA,"transition_matrix_mortality",NA,NA,NA,NA
1,18,"death",163,4,1965.13637864158,1848.94735051093,2,NA,"transition_matrix_mortality",NA,NA,NA,NA
1,18,"death",173,28,2074.73693602444,1077.4925484658,1,NA,"transition_matrix_mortality",NA,NA,NA,NA
1,18,"death",179,45,1087.2991473084,1320.39396740377,2,NA,"transition_matrix_mortality",NA,NA,NA,NA
1,18,"death",204,81,1499.29782021414,1476.52095203518,2,NA,"transition_matrix_mortality",NA,NA,NA,NA
1,18,"death",209,87,1639.90746408207,1881.94940242008,2,NA,"transition_matrix_mortality",NA,NA,NA,NA
1,18,"death",210,87,1283.12502434518,2213.61643874323,2,NA,"transition_matrix_mortality",NA,NA,NA,NA
1,18,"death",229,121,1999.887360116,1098.56335801066,2,NA,"transition_matrix_mortality",NA,NA,NA,NA
1,18,"death",233,19,1842.50725344854,1362.27621012006,2,NA,"transition_matrix_mortality",NA,NA,NA,NA
1,18,"death",249,56,2103.79850924422,2160.47517372718,2,NA,"transition_matrix_mortality",NA,NA,NA,NA
1,18,"death",268,78,700.625943354401,1392.38282902415,2,NA,"transition_matrix_mortality",NA,NA,NA,NA
1,18,"death",281,88,1193.98961182633,1849.02749745199,2,NA,"transition_matrix_mortality",NA,NA,NA,NA
1,18,"death",292,105,2296.48023007896,801.66218332615,2,NA,"transition_matrix_mortality",NA,NA,NA,NA
1,18,"death",316,128,1212.33073139369,1670.12838905455,2,NA,"transition_matrix_mortality",NA,NA,NA,NA
1,18,"death",323,133,1626.25615431642,1985.39515950935,2,NA,"transition_matrix_mortality",NA,NA,NA,NA
1,18,"death",327,134,818.936246251494,2330.53419437708,1,NA,"transition_matrix_mortality",NA,NA,NA,NA
1,18,"death",335,153,1681.04032430702,1380.25661940839,2,NA,"transition_matrix_mortality",NA,NA,NA,NA
1,18,"death",338,156,1172.92834965691,894.31008114641,2,NA,"transition_matrix_mortality",NA,NA,NA,NA
1,18,"death",341,158,940.850265980915,1952.26019279841,1,NA,"transition_matrix_mortality",NA,NA,NA,NA
1,18,"death",346,4,1578.61473486203,1549.90807333134,1,NA,"transition_matrix_mortality",NA,NA,NA,NA
1,18,"death",357,37,1210.06937157958,1801.32854135162,1,NA,"transition_matrix_mortality",NA,NA,NA,NA
1,18,"death",366,62,1591.55909111494,823.77279300082,1,NA,"transition_matrix_mortality",NA,NA,NA,NA
1,18,"death",373,64,906.655185130962,1808.05063637422,1,NA,"transition_matrix_mortality",NA,NA,NA,NA
1,18,"death",375,66,1614.31431284136,1356.09774934718,1,NA,"transition_matrix_mortality",NA,NA,NA,NA
1,18,"death",377,71,1809.15390472332,1251.51310482475,1,NA,"transition_matrix_mortality",NA,NA,NA,NA
1,18,"death",381,79,1390.26357183751,1481.76200820938,1,NA,"transition_matrix_mortality",NA,NA,NA,NA
1,18,"death",382,79,1273.64913522737,1635.25302160334,1,NA,"transition_matrix_mortality",NA,NA,NA,NA
1,18,"death",384,79,1208.62955040295,1471.42857758905,1,NA,"transition_matrix_mortality",NA,NA,NA,NA
1,18,"death",388,87,1425.70793321318,1861.41216012964,1,NA,"transition_matrix_mortality",NA,NA,NA,NA
1,18,"death",393,92,1773.12652836648,1119.62975766071,1,NA,"transition_matrix_mortality",NA,NA,NA,NA
1,18,"death",394,95,975.934505713415,1182.3661446663,1,NA,"transition_matrix_mortality",NA,NA,NA,NA
1,18,"death",396,96,1449.34536866508,1613.78752808599,1,NA,"transition_matrix_mortality",NA,NA,NA,NA
1,18,"death",402,112,1236.98516853483,2621.97806296655,1,NA,"transition_matrix_mortality",NA,NA,NA,NA
1,18,"death",413,121,1912.65572276876,1042.06018797578,1,NA,"transition_matrix_mortality",NA,NA,NA,NA
1,18,"death",454,183,1041.81208297024,1162.30091459288,1,NA,"transition_matrix_mortality",NA,NA,NA,NA
1,18,"death",460,204,2325.77487308213,1105.31033326692,1,NA,"transition_matrix_mortality",NA,NA,NA,NA
1,18,"death",463,210,950.600079504507,2434.33432570905,1,NA,"transition_matrix_mortality",NA,NA,NA,NA
1,18,"death",467,220,1340.79524058516,2018.4366623334,1,NA,"transition_matrix_mortality",NA,NA,NA,NA
1,18,"death",475,224,2065.05569263549,875.420715782572,1,NA,"transition_matrix_mortality",NA,NA,NA,NA
1,18,"stage_transition",172,27,1775.59294660317,1639.12467458649,1,2,"transition_kernel",1775.59294660317,1639.12467458649,1,FALSE
1,18,"stage_transition",193,64,512.37964635297,1927.34800188518,1,2,"transition_kernel",512.37964635297,1927.34800188518,1,FALSE
1,18,"stage_transition",202,79,1181.78263811937,1594.687037828,1,2,"transition_kernel",1181.78263811937,1594.687037828,1,FALSE
1,18,"stage_transition",208,86,1042.61083184751,790.443580307929,1,2,"transition_kernel",1042.61083184751,790.443580307929,1,FALSE
1,18,"stage_transition",214,91,1590.93304993936,1555.51796532712,1,2,"transition_kernel",1590.93304993936,1555.51796532712,1,FALSE
1,18,"stage_transition",238,27,1494.71147568033,2032.10236105608,1,2,"transition_kernel",1494.71147568033,2032.10236105608,1,FALSE
1,18,"stage_transition",243,37,1362.72934319862,1740.14447072218,1,2,"transition_kernel",1362.72934319862,1740.14447072218,1,FALSE
1,18,"stage_transition",262,69,1151.81244997179,822.196757247253,1,2,"transition_kernel",1151.81244997179,822.196757247253,1,FALSE
1,18,"stage_transition",265,71,1825.73282085962,1530.14728917345,1,2,"transition_kernel",1825.73282085962,1530.14728917345,1,FALSE
1,18,"stage_transition",267,72,1348.50911801992,1648.09255055061,1,2,"transition_kernel",1348.50911801992,1648.09255055061,1,FALSE
1,18,"stage_transition",285,94,975.135888429946,1441.40292496238,1,2,"transition_kernel",975.135888429946,1441.40292496238,1,FALSE
1,18,"stage_transition",289,100,1427.38614368455,1565.02843510511,1,2,"transition_kernel",1427.38614368455,1565.02843510511,1,FALSE
1,18,"stage_transition",294,106,636.858594683211,380.443265007975,1,2,"transition_kernel",636.858594683211,380.443265007975,1,FALSE
1,18,"stage_transition",298,111,964.22557938711,2617.30324098026,1,2,"transition_kernel",964.22557938711,2617.30324098026,1,FALSE
1,18,"stage_transition",315,127,1194.01735760902,1472.44434230482,1,2,"transition_kernel",1194.01735760902,1472.44434230482,1,FALSE
1,18,"stage_transition",332,147,1335.44411687977,381.375564727431,1,2,"transition_kernel",1335.44411687977,381.375564727431,1,FALSE
1,18,"stage_transition",334,152,694.687312106956,1705.62187831577,1,2,"transition_kernel",694.687312106956,1705.62187831577,1,FALSE
1,18,"stage_transition",336,155,1173.18865455988,1315.36215612519,1,2,"transition_kernel",1173.18865455988,1315.36215612519,1,FALSE
1,18,"stage_transition",344,4,1435.06694280875,1511.32719287348,1,2,"transition_kernel",1435.06694280875,1511.32719287348,1,FALSE
1,18,"stage_transition",348,17,1713.89321223508,1382.74428391361,1,2,"transition_kernel",1713.89321223508,1382.74428391361,1,FALSE
1,18,"stage_transition",349,19,1369.93959814214,1526.41631450889,1,2,"transition_kernel",1369.93959814214,1526.41631450889,1,FALSE
1,18,"stage_transition",350,19,1640.14139526919,1482.18477479683,1,2,"transition_kernel",1640.14139526919,1482.18477479683,1,FALSE
1,18,"stage_transition",351,19,1481.29337228194,1407.56826750381,1,2,"transition_kernel",1481.29337228194,1407.56826750381,1,FALSE
1,18,"stage_transition",352,22,1134.23553840883,356.705289406839,1,2,"transition_kernel",1134.23553840883,356.705289406839,1,FALSE
1,18,"stage_transition",353,22,652.109651240688,645.439973600438,1,2,"transition_kernel",652.109651240688,645.439973600438,1,FALSE
1,18,"stage_transition",354,22,786.235524817341,642.469154211567,1,2,"transition_kernel",786.235524817341,642.469154211567,1,FALSE
1,18,"stage_transition",355,27,1816.72054782608,1970.03093796524,1,2,"transition_kernel",1816.72054782608,1970.03093796524,1,FALSE
1,18,"stage_transition",356,27,1447.9993723905,2040.87023014328,1,2,"transition_kernel",1447.9993723905,2040.87023014328,1,FALSE
1,18,"stage_transition",358,45,1032.41062509712,1257.9560963434,1,2,"transition_kernel",1032.41062509712,1257.9560963434,1,FALSE
1,18,"stage_transition",359,48,1349.38522338095,938.916187432535,1,2,"transition_kernel",1349.38522338095,938.916187432535,1,FALSE
1,18,"stage_transition",361,49,1400.36149700876,1262.16475501709,1,2,"transition_kernel",1400.36149700876,1262.16475501709,1,FALSE
1,18,"stage_transition",362,49,1262.6774022502,1044.89492879037,1,2,"transition_kernel",1262.6774022502,1044.89492879037,1,FALSE
1,18,"stage_transition",364,56,2201.89635933332,1978.90479828031,1,2,"transition_kernel",2201.89635933332,1978.90479828031,1,FALSE
1,18,"stage_transition",365,61,1700.41616106434,868.984885969164,1,2,"transition_kernel",1700.41616106434,868.984885969164,1,FALSE
1,18,"stage_transition",367,62,1597.88838441969,1041.35651026793,1,2,"transition_kernel",1597.88838441969,1041.35651026793,1,FALSE
1,18,"stage_transition",368,63,1348.33380731213,1511.1538598131,1,2,"transition_kernel",1348.33380731213,1511.1538598131,1,FALSE
1,18,"stage_transition",369,63,1261.27805227445,1525.93919069468,1,2,"transition_kernel",1261.27805227445,1525.93919069468,1,FALSE
1,18,"stage_transition",370,63,1399.13171885166,1165.35901730438,1,2,"transition_kernel",1399.13171885166,1165.35901730438,1,FALSE
1,18,"stage_transition",378,73,1633.8385903571,2633.47635611502,1,2,"transition_kernel",1633.8385903571,2633.47635611502,1,FALSE
1,18,"stage_transition",379,73,2033.97591629423,2529.56490486061,1,2,"transition_kernel",2033.97591629423,2529.56490486061,1,FALSE
1,18,"stage_transition",383,79,1251.88866590717,1559.00026004566,1,2,"transition_kernel",1251.88866590717,1559.00026004566,1,FALSE
1,18,"stage_transition",385,79,762.477208654895,1640.94770694185,1,2,"transition_kernel",762.477208654895,1640.94770694185,1,FALSE
1,18,"stage_transition",386,85,1265.1291683567,1748.25206585505,1,2,"transition_kernel",1265.1291683567,1748.25206585505,1,FALSE
1,18,"stage_transition",387,85,2003.72691841825,1128.12301244433,1,2,"transition_kernel",2003.72691841825,1128.12301244433,1,FALSE
1,18,"stage_transition",389,87,1370.04921238219,2247.62427658931,1,2,"transition_kernel",1370.04921238219,2247.62427658931,1,FALSE
1,18,"stage_transition",390,88,1395.90252534093,978.215063802753,1,2,"transition_kernel",1395.90252534093,978.215063802753,1,FALSE
1,18,"stage_transition",391,89,1056.17806187993,1063.30929701425,1,2,"transition_kernel",1056.17806187993,1063.30929701425,1,FALSE
1,18,"stage_transition",392,91,1377.25236880754,1519.35764032479,1,2,"transition_kernel",1377.25236880754,1519.35764032479,1,FALSE
1,18,"stage_transition",395,96,1843.94941249685,1210.41814925889,1,2,"transition_kernel",1843.94941249685,1210.41814925889,1,FALSE
1,18,"stage_transition",397,96,1198.94306958436,1592.08548773454,1,2,"transition_kernel",1198.94306958436,1592.08548773454,1,FALSE
1,18,"stage_transition",398,97,1006.43459024057,1287.37830137878,1,2,"transition_kernel",1006.43459024057,1287.37830137878,1,FALSE
1,18,"stage_transition",399,100,1374.57395960393,1477.99474056069,1,2,"transition_kernel",1374.57395960393,1477.99474056069,1,FALSE
1,18,"stage_transition",401,111,533.392951414467,2415.32265688635,1,2,"transition_kernel",533.392951414467,2415.32265688635,1,FALSE
1,18,"stage_transition",403,115,814.132765736132,1233.82599099,1,2,"transition_kernel",814.132765736132,1233.82599099,1,FALSE
1,18,"stage_transition",404,119,2250.43582634118,1105.37352705133,1,2,"transition_kernel",2250.43582634118,1105.37352705133,1,FALSE
1,18,"stage_transition",406,119,2341.4396736651,580.354253834375,1,2,"transition_kernel",2341.4396736651,580.354253834375,1,FALSE
1,18,"stage_transition",407,119,2286.2176644925,572.180128700875,1,2,"transition_kernel",2286.2176644925,572.180128700875,1,FALSE
1,18,"stage_transition",408,119,2450.96207413878,448.41240564561,1,2,"transition_kernel",2450.96207413878,448.41240564561,1,FALSE
1,18,"stage_transition",411,121,1699.55400398326,1074.91888767407,1,2,"transition_kernel",1699.55400398326,1074.91888767407,1,FALSE
1,18,"stage_transition",412,121,1828.99603701901,1174.37439234213,1,2,"transition_kernel",1828.99603701901,1174.37439234213,1,FALSE
1,18,"stage_transition",414,124,1295.95906328876,1221.73016562055,1,2,"transition_kernel",1295.95906328876,1221.73016562055,1,FALSE
1,18,"stage_transition",417,127,1644.12635044714,2159.29581774271,1,2,"transition_kernel",1644.12635044714,2159.29581774271,1,FALSE
1,18,"stage_transition",420,130,666.066875736998,255.950700789859,1,2,"transition_kernel",666.066875736998,255.950700789859,1,FALSE
1,18,"stage_transition",421,133,1665.22965477558,1881.26892941269,1,2,"transition_kernel",1665.22965477558,1881.26892941269,1,FALSE
1,18,"stage_transition",422,134,1139.63354536751,1088.84702894446,1,2,"transition_kernel",1139.63354536751,1088.84702894446,1,FALSE
1,18,"stage_transition",424,142,1362.63413344521,1452.21592993031,1,2,"transition_kernel",1362.63413344521,1452.21592993031,1,FALSE
1,18,"stage_transition",425,142,1363.01378437987,1775.79170672678,1,2,"transition_kernel",1363.01378437987,1775.79170672678,1,FALSE
1,18,"stage_transition",426,145,1617.66914889088,972.05181334923,1,2,"transition_kernel",1617.66914889088,972.05181334923,1,FALSE
1,18,"stage_transition",427,145,1716.40541559063,873.93267389251,1,2,"transition_kernel",1716.40541559063,873.93267389251,1,FALSE
1,18,"stage_transition",428,147,1923.42784091231,1236.78072643231,1,2,"transition_kernel",1923.42784091231,1236.78072643231,1,FALSE
1,18,"stage_transition",429,147,1802.71110073293,1443.83399320165,1,2,"transition_kernel",1802.71110073293,1443.83399320165,1,FALSE
1,18,"stage_transition",430,151,1936.11783869631,492.838662363871,1,2,"transition_kernel",1936.11783869631,492.838662363871,1,FALSE
1,18,"stage_transition",431,154,1771.2897295324,1183.68588700526,1,2,"transition_kernel",1771.2897295324,1183.68588700526,1,FALSE
1,18,"stage_transition",433,158,1096.55307212061,2033.35193603453,1,2,"transition_kernel",1096.55307212061,2033.35193603453,1,FALSE
1,18,"stage_transition",434,159,983.44148928912,1983.39924433233,1,2,"transition_kernel",983.44148928912,1983.39924433233,1,FALSE
1,18,"stage_transition",435,159,1155.79032628877,2098.90358116386,1,2,"transition_kernel",1155.79032628877,2098.90358116386,1,FALSE
1,18,"stage_transition",436,159,1040.14747962376,1965.06303823191,1,2,"transition_kernel",1040.14747962376,1965.06303823191,1,FALSE
1,18,"stage_transition",439,166,2439.1530482432,2088.9029677263,1,2,"transition_kernel",2439.1530482432,2088.9029677263,1,FALSE
1,18,"stage_transition",440,166,1349.68779131575,1504.7961898289,1,2,"transition_kernel",1349.68779131575,1504.7961898289,1,FALSE
1,18,"stage_transition",441,167,1531.08578305408,871.142005141158,1,2,"transition_kernel",1531.08578305408,871.142005141158,1,FALSE
1,18,"stage_transition",442,167,1548.32883392897,1027.25563997348,1,2,"transition_kernel",1548.32883392897,1027.25563997348,1,FALSE
1,18,"stage_transition",443,168,1303.2713245545,1467.56755747653,1,2,"transition_kernel",1303.2713245545,1467.56755747653,1,FALSE
1,18,"stage_transition",444,170,551.021668013751,530.954276350122,1,2,"transition_kernel",551.021668013751,530.954276350122,1,FALSE
1,18,"stage_transition",447,175,1729.08172557488,1175.67302047918,1,2,"transition_kernel",1729.08172557488,1175.67302047918,1,FALSE
1,18,"stage_transition",449,176,1398.76021372874,1675.01276155084,1,2,"transition_kernel",1398.76021372874,1675.01276155084,1,FALSE
1,18,"stage_transition",451,179,861.097983750872,1308.92644975854,1,2,"transition_kernel",861.097983750872,1308.92644975854,1,FALSE
1,18,"stage_transition",452,179,1001.86072679927,1340.89075458082,1,2,"transition_kernel",1001.86072679927,1340.89075458082,1,FALSE
1,18,"stage_transition",453,182,816.009027753756,647.82696535223,1,2,"transition_kernel",816.009027753756,647.82696535223,1,FALSE
1,18,"stage_transition",455,187,1848.20384430565,1194.09364260209,1,2,"transition_kernel",1848.20384430565,1194.09364260209,1,FALSE
1,18,"stage_transition",456,188,1365.02039850686,1397.1817474189,1,2,"transition_kernel",1365.02039850686,1397.1817474189,1,FALSE
1,18,"stage_transition",457,194,1469.37432558604,1303.64451231937,1,2,"transition_kernel",1469.37432558604,1303.64451231937,1,FALSE
1,18,"stage_transition",458,195,209.331665721124,2310.09863696431,1,2,"transition_kernel",209.331665721124,2310.09863696431,1,FALSE
1,18,"stage_transition",461,209,1527.71411223303,1669.97264565681,1,2,"transition_kernel",1527.71411223303,1669.97264565681,1,FALSE
1,18,"stage_transition",462,210,1226.98901793579,2196.93963135523,1,2,"transition_kernel",1226.98901793579,2196.93963135523,1,FALSE
1,18,"stage_transition",464,213,1751.93956032475,192.658519677988,1,2,"transition_kernel",1751.93956032475,192.658519677988,1,FALSE
1,18,"stage_transition",466,218,2893.17362164726,416.2175187475,1,2,"transition_kernel",2893.17362164726,416.2175187475,1,FALSE
1,18,"stage_transition",468,220,1356.19346155364,1983.82430342841,1,2,"transition_kernel",1356.19346155364,1983.82430342841,1,FALSE
1,18,"stage_transition",469,221,917.913627745695,2310.49451776037,1,2,"transition_kernel",917.913627745695,2310.49451776037,1,FALSE
1,18,"stage_transition",470,223,1342.9184979481,2580.35529888147,1,2,"transition_kernel",1342.9184979481,2580.35529888147,1,FALSE
1,18,"stage_transition",471,223,969.039447501348,1620.66608064973,1,2,"transition_kernel",969.039447501348,1620.66608064973,1,FALSE
1,18,"stage_transition",474,224,657.465996084362,1187.66376983201,1,2,"transition_kernel",657.465996084362,1187.66376983201,1,FALSE
1,18,"stage_transition",476,226,1059.92592571077,1616.63303662762,1,2,"transition_kernel",1059.92592571077,1616.63303662762,1,FALSE
1,18,"stage_transition",477,231,1212.43504300747,2061.3158751351,1,2,"transition_kernel",1212.43504300747,2061.3158751351,1,FALSE
1,18,"establishment",478,13,1406.10854496171,1791.00197019337,2,1,"SDD",1406.10854496171,1791.00197019337,1,FALSE
1,18,"establishment",479,13,1507.4705979004,1633.19434156372,2,1,"SDD",1507.4705979004,1633.19434156372,1,FALSE
1,18,"establishment",480,13,1238.32646160105,1638.12237996243,2,1,"SDD",1238.32646160105,1638.12237996243,1,FALSE
1,18,"establishment",481,13,1427.66714727517,2003.24840115671,2,1,"SDD",1427.66714727517,2003.24840115671,1,FALSE
1,18,"establishment",482,13,1438.08628859274,1332.76764333555,2,1,"SDD",1438.08628859274,1332.76764333555,1,FALSE
1,18,"establishment",483,19,1473.45487062289,1431.07541476923,2,1,"SDD",1473.45487062289,1431.07541476923,1,FALSE
1,18,"establishment",484,23,1407.48404163943,1342.40333127379,2,1,"SDD",1407.48404163943,1342.40333127379,1,FALSE
1,18,"establishment",485,27,1899.29984375689,1834.91266240672,2,1,"SDD",1899.29984375689,1834.91266240672,1,FALSE
1,18,"establishment",486,38,1387.20168270017,2057.48318484035,2,1,"SDD",1387.20168270017,2057.48318484035,1,FALSE
1,18,"establishment",487,45,901.627933530041,1731.04952324899,2,1,"SDD",901.627933530041,1731.04952324899,1,FALSE
1,18,"establishment",488,48,770.906922837027,1611.7572780624,2,1,"SDD",770.906922837027,1611.7572780624,1,FALSE
1,18,"establishment",489,48,1482.27605501188,1100.63835553501,2,1,"SDD",1482.27605501188,1100.63835553501,1,FALSE
1,18,"establishment",490,49,2170.86167315027,1184.22126512922,2,1,"SDD",2170.86167315027,1184.22126512922,1,FALSE
1,18,"establishment",491,52,2033.17027527169,1745.63934337391,2,1,"SDD",2033.17027527169,1745.63934337391,1,FALSE
1,18,"establishment",492,52,2169.62930650373,1578.62903528476,2,1,"SDD",2169.62930650373,1578.62903528476,1,FALSE
1,18,"establishment",493,52,1657.24663106632,1803.44075825581,2,1,"SDD",1657.24663106632,1803.44075825581,1,FALSE
1,18,"establishment",494,52,2032.32253518572,1772.04134774454,2,1,"SDD",2032.32253518572,1772.04134774454,1,FALSE
1,18,"establishment",495,59,1942.58992800321,1424.56691115099,2,1,"SDD",1942.58992800321,1424.56691115099,1,FALSE
1,18,"establishment",496,61,1839.03073613544,1498.04118925739,2,1,"SDD",1839.03073613544,1498.04118925739,1,FALSE
1,18,"establishment",497,62,1882.08588696532,1014.31784310864,2,1,"SDD",1882.08588696532,1014.31784310864,1,FALSE
1,18,"establishment",498,62,1326.23883788901,1069.42129811181,2,1,"SDD",1326.23883788901,1069.42129811181,1,FALSE
1,18,"establishment",499,63,1103.0144099071,1115.7698070161,2,1,"SDD",1103.0144099071,1115.7698070161,1,FALSE
1,18,"establishment",500,63,969.26976726128,1511.16463002805,2,1,"SDD",969.26976726128,1511.16463002805,1,FALSE
1,18,"establishment",501,66,1462.73340628277,1526.34630695016,2,1,"SDD",1462.73340628277,1526.34630695016,1,FALSE
1,18,"establishment",502,66,1768.21432414428,1727.16815140574,2,1,"SDD",1768.21432414428,1727.16815140574,1,FALSE
1,18,"establishment",503,71,1848.69308745745,1242.60559580145,2,1,"SDD",1848.69308745745,1242.60559580145,1,FALSE
1,18,"establishment",504,76,1157.2053304854,2022.33686410039,2,1,"SDD",1157.2053304854,2022.33686410039,1,FALSE
1,18,"establishment",505,79,1752.52659394168,1285.45220607667,2,1,"SDD",1752.52659394168,1285.45220607667,1,FALSE
1,18,"establishment",506,89,923.486362149444,884.42539725834,2,1,"SDD",923.486362149444,884.42539725834,1,FALSE
1,18,"establishment",507,96,1348.80791135943,1382.38361035137,2,1,"SDD",1348.80791135943,1382.38361035137,1,FALSE
1,18,"establishment",508,96,1329.87841694182,1413.20739732011,2,1,"SDD",1329.87841694182,1413.20739732011,1,FALSE
1,18,"establishment",509,96,1346.69608244988,1332.08391337532,2,1,"SDD",1346.69608244988,1332.08391337532,1,FALSE
1,18,"establishment",510,99,745.717430431516,1389.88394480489,2,1,"SDD",745.717430431516,1389.88394480489,1,FALSE
1,18,"establishment",511,99,790.731225962548,1480.91048799743,2,1,"SDD",790.731225962548,1480.91048799743,1,FALSE
1,18,"establishment",512,104,1056.65468191871,1571.28050599776,2,1,"SDD",1056.65468191871,1571.28050599776,1,FALSE
1,18,"establishment",513,104,1117.46816566086,1998.06091805003,2,1,"SDD",1117.46816566086,1998.06091805003,1,FALSE
1,18,"establishment",514,105,2385.00724596125,485.919934449748,2,1,"SDD",2385.00724596125,485.919934449748,1,FALSE
1,18,"establishment",515,111,828.085223189753,2651.91863545791,2,1,"SDD",828.085223189753,2651.91863545791,1,FALSE
1,18,"establishment",516,112,1081.61945488047,2720.23797791459,2,1,"SDD",1081.61945488047,2720.23797791459,1,FALSE
1,18,"establishment",517,115,1059.78969901261,953.736553491371,2,1,"SDD",1059.78969901261,953.736553491371,1,FALSE
1,18,"establishment",518,119,2501.18788797366,928.733333176115,2,1,"SDD",2501.18788797366,928.733333176115,1,FALSE
1,18,"establishment",519,120,1504.82502819773,287.179951753707,2,1,"SDD",1504.82502819773,287.179951753707,1,FALSE
1,18,"establishment",520,121,1791.8001751525,1296.74210950121,2,1,"SDD",1791.8001751525,1296.74210950121,1,FALSE
1,18,"establishment",521,128,1232.13712004503,1423.36649297687,2,1,"SDD",1232.13712004503,1423.36649297687,1,FALSE
1,18,"establishment",522,128,1646.30880840205,1300.7965913865,2,1,"SDD",1646.30880840205,1300.7965913865,1,FALSE
1,18,"establishment",523,130,715.754741209496,496.711604834881,2,1,"SDD",715.754741209496,496.711604834881,1,FALSE
1,18,"establishment",524,130,970.701735048241,199.73496618449,2,1,"SDD",970.701735048241,199.73496618449,1,FALSE
1,18,"establishment",525,130,538.895319187552,335.68398385523,2,1,"SDD",538.895319187552,335.68398385523,1,FALSE
1,18,"establishment",526,130,518.367147772347,352.288424979716,2,1,"SDD",518.367147772347,352.288424979716,1,FALSE
1,18,"establishment",527,131,864.632787520172,561.229246790064,2,1,"SDD",864.632787520172,561.229246790064,1,FALSE
1,18,"establishment",528,131,668.270012802313,384.032222370709,2,1,"SDD",668.270012802313,384.032222370709,1,FALSE
1,18,"establishment",529,131,945.533059080687,856.955199317717,2,1,"SDD",945.533059080687,856.955199317717,1,FALSE
1,18,"establishment",530,131,877.425840426538,279.330920072676,2,1,"SDD",877.425840426538,279.330920072676,1,FALSE
1,18,"establishment",531,134,1241.89633973933,1572.58674768927,2,1,"SDD",1241.89633973933,1572.58674768927,1,FALSE
1,18,"establishment",532,134,1438.21275797887,1424.67079712756,2,1,"SDD",1438.21275797887,1424.67079712756,1,FALSE
1,18,"establishment",533,136,1517.34140382345,1335.99724818289,2,1,"SDD",1517.34140382345,1335.99724818289,1,FALSE
1,18,"establishment",534,136,1245.68241323651,1438.29512610891,2,1,"SDD",1245.68241323651,1438.29512610891,1,FALSE
1,18,"establishment",535,140,1046.26250958554,1771.85070306039,2,1,"SDD",1046.26250958554,1771.85070306039,1,FALSE
1,18,"establishment",536,140,1220.39673711894,1606.8708004639,2,1,"SDD",1220.39673711894,1606.8708004639,1,FALSE
1,18,"establishment",537,141,1069.26236508243,1896.67049761573,2,1,"SDD",1069.26236508243,1896.67049761573,1,FALSE
1,18,"establishment",538,142,1438.37783210985,1927.94426325625,2,1,"SDD",1438.37783210985,1927.94426325625,1,FALSE
1,18,"establishment",539,143,1323.23838226525,1936.68028891151,2,1,"SDD",1323.23838226525,1936.68028891151,1,FALSE
1,18,"establishment",540,143,1277.35555082146,2020.4033834199,2,1,"SDD",1277.35555082146,2020.4033834199,1,FALSE
1,18,"establishment",541,147,1778.62272712321,1449.21463573457,2,1,"SDD",1778.62272712321,1449.21463573457,1,FALSE
1,18,"establishment",542,147,1825.99449799703,1165.45137216299,2,1,"SDD",1825.99449799703,1165.45137216299,1,FALSE
1,18,"establishment",543,147,1828.40092405683,1410.42297888648,2,1,"SDD",1828.40092405683,1410.42297888648,1,FALSE
1,18,"establishment",544,154,1589.75333873047,1648.32874443685,2,1,"SDD",1589.75333873047,1648.32874443685,1,FALSE
1,18,"establishment",545,155,1037.81325611454,1546.78305640882,2,1,"SDD",1037.81325611454,1546.78305640882,1,FALSE
1,18,"establishment",546,155,1018.82995681751,1630.60725819073,2,1,"SDD",1018.82995681751,1630.60725819073,1,FALSE
1,18,"establishment",547,157,400.561286619788,2376.79508241125,2,1,"SDD",400.561286619788,2376.79508241125,1,FALSE
1,18,"establishment",548,159,1249.82572089661,1979.90545737468,2,1,"SDD",1249.82572089661,1979.90545737468,1,FALSE
1,18,"establishment",549,159,971.849125354611,1917.41241948306,2,1,"SDD",971.849125354611,1917.41241948306,1,FALSE
1,18,"establishment",550,161,1218.30182738333,1735.25306672574,2,1,"SDD",1218.30182738333,1735.25306672574,1,FALSE
1,18,"establishment",551,162,1271.42659484707,1740.57351147791,2,1,"SDD",1271.42659484707,1740.57351147791,1,FALSE
1,18,"establishment",552,162,923.099919905505,1841.65693062894,2,1,"SDD",923.099919905505,1841.65693062894,1,FALSE
1,18,"establishment",553,163,2006.60028798918,1821.76728692074,2,1,"SDD",2006.60028798918,1821.76728692074,1,FALSE
1,18,"establishment",554,163,1831.98151276867,2068.60025210973,2,1,"SDD",1831.98151276867,2068.60025210973,1,FALSE
1,18,"establishment",555,164,1476.59942590161,1599.02110228994,2,1,"SDD",1476.59942590161,1599.02110228994,1,FALSE
1,18,"establishment",556,165,1146.91498643538,1981.61524204079,2,1,"SDD",1146.91498643538,1981.61524204079,1,FALSE
1,18,"establishment",557,165,1160.64738536721,1703.51966671008,2,1,"SDD",1160.64738536721,1703.51966671008,1,FALSE
1,18,"establishment",558,165,1146.60990414862,1755.34830470737,2,1,"SDD",1146.60990414862,1755.34830470737,1,FALSE
1,18,"establishment",559,166,962.633209482331,1601.0812121575,2,1,"SDD",962.633209482331,1601.0812121575,1,FALSE
1,18,"establishment",560,166,1421.16401226449,1489.1287754364,2,1,"SDD",1421.16401226449,1489.1287754364,1,FALSE
1,18,"establishment",561,166,1238.96811206004,1541.08564968969,2,1,"SDD",1238.96811206004,1541.08564968969,1,FALSE
1,18,"establishment",562,169,896.763256927097,1696.86128089841,2,1,"SDD",896.763256927097,1696.86128089841,1,FALSE
1,18,"establishment",563,170,450.93225608295,704.371851851625,2,1,"SDD",450.93225608295,704.371851851625,1,FALSE
1,18,"establishment",564,171,1481.86769717344,1896.92669212086,2,1,"SDD",1481.86769717344,1896.92669212086,1,FALSE
1,18,"establishment",565,175,1668.09410254868,1284.57242195677,2,1,"SDD",1668.09410254868,1284.57242195677,1,FALSE
1,18,"establishment",566,175,1652.62050574966,1056.33744964426,2,1,"SDD",1652.62050574966,1056.33744964426,1,FALSE
1,18,"establishment",567,178,950.09314920634,1296.78370468547,2,1,"SDD",950.09314920634,1296.78370468547,1,FALSE
1,18,"establishment",568,179,1092.91866574013,1325.18642142107,2,1,"SDD",1092.91866574013,1325.18642142107,1,FALSE
1,18,"establishment",569,179,1564.52404950731,195.641138564548,2,1,"SDD",1564.52404950731,195.641138564548,1,FALSE
1,18,"establishment",570,180,1398.32604339157,1000.74676476827,2,1,"SDD",1398.32604339157,1000.74676476827,1,FALSE
1,18,"establishment",571,180,1001.99834783098,713.55410564323,2,1,"SDD",1001.99834783098,713.55410564323,1,FALSE
1,18,"establishment",572,180,948.689936031853,1169.90822997139,2,1,"SDD",948.689936031853,1169.90822997139,1,FALSE
1,18,"establishment",573,180,1163.45636724233,832.551877982102,2,1,"SDD",1163.45636724233,832.551877982102,1,FALSE
1,18,"establishment",574,180,1026.56878361886,933.641981972576,2,1,"SDD",1026.56878361886,933.641981972576,1,FALSE
1,18,"establishment",575,183,1144.13487008205,1417.67672508819,2,1,"SDD",1144.13487008205,1417.67672508819,1,FALSE
1,18,"establishment",576,188,1328.93006506144,1271.56265782221,2,1,"SDD",1328.93006506144,1271.56265782221,1,FALSE
1,18,"establishment",577,190,1594.76052267896,1327.15368686297,2,1,"SDD",1594.76052267896,1327.15368686297,1,FALSE
1,18,"establishment",578,190,1624.36155989151,1271.89110980477,2,1,"SDD",1624.36155989151,1271.89110980477,1,FALSE
1,18,"establishment",579,191,1336.27832578701,1085.36286499413,2,1,"SDD",1336.27832578701,1085.36286499413,1,FALSE
1,18,"establishment",580,194,1905.38127107323,263.49058885584,2,1,"SDD",1905.38127107323,263.49058885584,1,FALSE
1,18,"establishment",581,197,1002.89055675606,254.613810527407,2,1,"SDD",1002.89055675606,254.613810527407,1,FALSE
1,18,"establishment",582,204,1197.95652916586,1362.02890575555,2,1,"SDD",1197.95652916586,1362.02890575555,1,FALSE
1,18,"establishment",583,205,1280.89436766883,2483.97176914334,2,1,"SDD",1280.89436766883,2483.97176914334,1,FALSE
1,18,"establishment",584,205,1185.25350989219,2331.67846420483,2,1,"SDD",1185.25350989219,2331.67846420483,1,FALSE
1,18,"establishment",585,207,969.106747709783,747.159427360087,2,1,"SDD",969.106747709783,747.159427360087,1,FALSE
1,18,"establishment",586,209,1629.77625122669,1921.05406917855,2,1,"SDD",1629.77625122669,1921.05406917855,1,FALSE
1,18,"establishment",587,212,1311.61603180144,1027.11329732577,2,1,"SDD",1311.61603180144,1027.11329732577,1,FALSE
1,18,"establishment",588,213,1741.30440394458,79.0522523139747,2,1,"SDD",1741.30440394458,79.0522523139747,1,FALSE
1,18,"establishment",589,218,2852.92203174348,242.195409147648,2,1,"SDD",2852.92203174348,242.195409147648,1,FALSE
1,18,"establishment",590,220,1382.01873905843,2252.96630566254,2,1,"SDD",1382.01873905843,2252.96630566254,1,FALSE
1,18,"establishment",591,221,1127.20260287529,2025.79017393335,2,1,"SDD",1127.20260287529,2025.79017393335,1,FALSE
1,18,"establishment",592,223,1123.51436923834,2975.81339714747,2,1,"SDD",1123.51436923834,2975.81339714747,1,FALSE
1,18,"establishment",593,224,1228.12840383899,1203.01855466917,2,1,"SDD",1228.12840383899,1203.01855466917,1,FALSE
1,18,"establishment",594,224,1360.59843700227,1150.50382139337,2,1,"SDD",1360.59843700227,1150.50382139337,1,FALSE
1,18,"establishment",595,226,1351.97250515996,1503.30913656859,2,1,"SDD",1351.97250515996,1503.30913656859,1,FALSE
1,18,"establishment",596,228,1217.6220553646,337.218540974186,2,1,"SDD",1217.6220553646,337.218540974186,1,FALSE
1,18,"establishment",597,228,1304.29301041074,858.009398360324,2,1,"SDD",1304.29301041074,858.009398360324,1,FALSE
1,18,"establishment",598,229,2045.12484172171,1072.79140513862,2,1,"SDD",2045.12484172171,1072.79140513862,1,FALSE
1,18,"establishment",599,233,1840.82857529686,1363.42277807674,2,1,"SDD",1840.82857529686,1363.42277807674,1,FALSE
1,18,"establishment",600,233,1528.16669867371,1397.08670272239,2,1,"SDD",1528.16669867371,1397.08670272239,1,FALSE
1,18,"establishment",601,233,1973.38602164597,1344.35112379692,2,1,"SDD",1973.38602164597,1344.35112379692,1,FALSE
1,18,"establishment",602,233,1632.2252459282,1431.8937873388,2,1,"SDD",1632.2252459282,1431.8937873388,1,FALSE
1,18,"establishment",603,235,1291.01977801459,1986.1352143438,2,1,"SDD",1291.01977801459,1986.1352143438,1,FALSE
1,18,"establishment",604,236,891.758864984913,691.362044380881,2,1,"SDD",891.758864984913,691.362044380881,1,FALSE
1,18,"establishment",605,236,924.745123647608,601.174869663947,2,1,"SDD",924.745123647608,601.174869663947,1,FALSE
1,18,"establishment",606,239,1400.06354345156,1440.31325251,2,1,"SDD",1400.06354345156,1440.31325251,1,FALSE
1,18,"establishment",607,239,1485.87642877444,1079.51741038278,2,1,"SDD",1485.87642877444,1079.51741038278,1,FALSE
1,18,"establishment",608,242,1233.22497473103,1717.49014486139,2,1,"SDD",1233.22497473103,1717.49014486139,1,FALSE
1,18,"establishment",609,242,542.701633782663,2409.0931164466,2,1,"SDD",542.701633782663,2409.0931164466,1,FALSE
1,18,"establishment",610,248,1241.3481897999,1327.86347697609,2,1,"SDD",1241.3481897999,1327.86347697609,1,FALSE
1,18,"establishment",611,249,1569.3727476035,2157.79530305127,2,1,"SDD",1569.3727476035,2157.79530305127,1,FALSE
1,18,"establishment",612,249,1950.94364680256,2253.52804089013,2,1,"SDD",1950.94364680256,2253.52804089013,1,FALSE
1,18,"establishment",613,249,2104.72516922216,2047.89307835222,2,1,"SDD",2104.72516922216,2047.89307835222,1,FALSE
1,18,"establishment",614,250,1981.46337728994,1049.47753331319,2,1,"SDD",1981.46337728994,1049.47753331319,1,FALSE
1,18,"establishment",615,250,1812.92067718466,991.448312805356,2,1,"SDD",1812.92067718466,991.448312805356,1,FALSE
1,18,"establishment",616,250,1948.0846816264,1015.22251196155,2,1,"SDD",1948.0846816264,1015.22251196155,1,FALSE
1,18,"establishment",617,251,1656.01886775722,1147.43935525575,2,1,"SDD",1656.01886775722,1147.43935525575,1,FALSE
1,18,"establishment",618,251,2083.22469979271,712.92217621099,2,1,"SDD",2083.22469979271,712.92217621099,1,FALSE
1,18,"establishment",619,252,1730.26312863216,1518.4780060893,2,1,"SDD",1730.26312863216,1518.4780060893,1,FALSE
1,18,"establishment",620,252,1548.00988987844,1240.6548638013,2,1,"SDD",1548.00988987844,1240.6548638013,1,FALSE
1,18,"establishment",621,253,1300.7079866082,1646.97184407704,2,1,"SDD",1300.7079866082,1646.97184407704,1,FALSE
1,18,"establishment",622,257,1423.03955436943,1918.69925677845,2,1,"SDD",1423.03955436943,1918.69925677845,1,FALSE
1,18,"establishment",623,257,1624.96302236836,1810.17570269264,2,1,"SDD",1624.96302236836,1810.17570269264,1,FALSE
1,18,"establishment",624,258,1484.49089691234,1506.51401143428,2,1,"SDD",1484.49089691234,1506.51401143428,1,FALSE
1,18,"establishment",625,258,1852.45969987632,1307.70222473435,2,1,"SDD",1852.45969987632,1307.70222473435,1,FALSE
1,18,"establishment",626,259,1214.55835906212,1239.93114097955,2,1,"SDD",1214.55835906212,1239.93114097955,1,FALSE
1,18,"establishment",627,259,1372.11168201436,1274.16054022033,2,1,"SDD",1372.11168201436,1274.16054022033,1,FALSE
1,18,"establishment",628,259,1363.15036355792,1190.99640633176,2,1,"SDD",1363.15036355792,1190.99640633176,1,FALSE
1,18,"establishment",629,264,2026.56531268874,978.037194939854,2,1,"SDD",2026.56531268874,978.037194939854,1,FALSE
1,18,"establishment",630,268,725.705107115556,1369.7596322233,2,1,"SDD",725.705107115556,1369.7596322233,1,FALSE
1,18,"establishment",631,269,1309.55287570991,1234.82359213902,2,1,"SDD",1309.55287570991,1234.82359213902,1,FALSE
1,18,"establishment",632,270,1806.81459307863,2296.13148518661,2,1,"SDD",1806.81459307863,2296.13148518661,1,FALSE
1,18,"establishment",633,270,1636.12858678942,2503.8957305309,2,1,"SDD",1636.12858678942,2503.8957305309,1,FALSE
1,18,"establishment",634,270,1720.98129496916,2045.37823885527,2,1,"SDD",1720.98129496916,2045.37823885527,1,FALSE
1,18,"establishment",635,271,1786.93793140017,1912.58645810399,2,1,"SDD",1786.93793140017,1912.58645810399,1,FALSE
1,18,"establishment",636,271,1459.95072732505,1907.42868837015,2,1,"SDD",1459.95072732505,1907.42868837015,1,FALSE
1,18,"establishment",637,273,896.823739651304,1102.28537672969,2,1,"SDD",896.823739651304,1102.28537672969,1,FALSE
1,18,"establishment",638,273,614.220288028739,884.535929597779,2,1,"SDD",614.220288028739,884.535929597779,1,FALSE
1,18,"establishment",639,273,361.576407132296,1209.5580203221,2,1,"SDD",361.576407132296,1209.5580203221,1,FALSE
1,18,"establishment",640,274,1105.50550564593,731.558418031478,2,1,"SDD",1105.50550564593,731.558418031478,1,FALSE
1,18,"establishment",641,275,1385.65518170009,475.592294146584,2,1,"SDD",1385.65518170009,475.592294146584,1,FALSE
1,18,"establishment",642,280,1261.40514427681,611.731126188606,2,1,"SDD",1261.40514427681,611.731126188606,1,FALSE
1,18,"establishment",643,280,1333.65431272942,952.027972027769,2,1,"SDD",1333.65431272942,952.027972027769,1,FALSE
1,18,"establishment",644,281,1226.84025948655,1882.1021581656,2,1,"SDD",1226.84025948655,1882.1021581656,1,FALSE
1,18,"establishment",645,281,1193.61533474707,1838.5948526157,2,1,"SDD",1193.61533474707,1838.5948526157,1,FALSE
1,18,"establishment",646,281,1499.12048603078,1744.49990421431,2,1,"SDD",1499.12048603078,1744.49990421431,1,FALSE
1,18,"establishment",647,281,807.712306134141,1330.23859159838,2,1,"SDD",807.712306134141,1330.23859159838,1,FALSE
1,18,"establishment",648,287,1248.86668440279,1368.92261984658,2,1,"SDD",1248.86668440279,1368.92261984658,1,FALSE
1,18,"establishment",649,288,719.632638203296,1816.19465481671,2,1,"SDD",719.632638203296,1816.19465481671,1,FALSE
1,18,"establishment",650,288,726.361792853505,1062.58184146018,2,1,"SDD",726.361792853505,1062.58184146018,1,FALSE
1,18,"establishment",651,288,828.122389597757,1806.86927287461,2,1,"SDD",828.122389597757,1806.86927287461,1,FALSE
1,18,"establishment",652,288,822.913062050942,1753.39313028048,2,1,"SDD",822.913062050942,1753.39313028048,1,FALSE
1,18,"establishment",653,290,1017.51894826898,2172.37003729745,2,1,"SDD",1017.51894826898,2172.37003729745,1,FALSE
1,18,"establishment",654,290,2244.00727998676,2692.94713121922,2,1,"SDD",2244.00727998676,2692.94713121922,1,FALSE
1,18,"establishment",655,290,894.08470813059,2710.96030436302,2,1,"SDD",894.08470813059,2710.96030436302,1,FALSE
1,18,"establishment",656,291,743.6325854316,1852.54700051882,2,1,"SDD",743.6325854316,1852.54700051882,1,FALSE
1,18,"establishment",657,292,2226.9784735865,759.063931333274,2,1,"SDD",2226.9784735865,759.063931333274,1,FALSE
1,18,"establishment",658,292,2306.3696921763,797.497548487768,2,1,"SDD",2306.3696921763,797.497548487768,1,FALSE
1,18,"establishment",659,292,2276.03332015531,829.406216125629,2,1,"SDD",2276.03332015531,829.406216125629,1,FALSE
1,18,"establishment",660,293,2079.10614334519,15.462386938414,2,1,"SDD",2079.10614334519,15.462386938414,1,FALSE
1,18,"establishment",661,293,1994.18939111989,103.311721877668,2,1,"SDD",1994.18939111989,103.311721877668,1,FALSE
1,18,"establishment",662,293,2625.45144311237,313.225594918506,2,1,"SDD",2625.45144311237,313.225594918506,1,FALSE
1,18,"establishment",663,296,784.619392265433,768.101355150252,2,1,"SDD",784.619392265433,768.101355150252,1,FALSE
1,18,"establishment",664,296,653.415727854202,321.879528527739,2,1,"SDD",653.415727854202,321.879528527739,1,FALSE
1,18,"establishment",665,300,1870.8551097427,2853.11412393808,2,1,"SDD",1870.8551097427,2853.11412393808,1,FALSE
1,18,"establishment",666,301,560.693987478739,1484.55655193913,2,1,"SDD",560.693987478739,1484.55655193913,1,FALSE
1,18,"establishment",667,301,483.801817260293,1478.35799751656,2,1,"SDD",483.801817260293,1478.35799751656,1,FALSE
1,18,"establishment",668,302,2158.90725513803,964.342105509594,2,1,"SDD",2158.90725513803,964.342105509594,1,FALSE
1,18,"establishment",669,303,2372.29698271346,1469.64309956626,2,1,"SDD",2372.29698271346,1469.64309956626,1,FALSE
1,18,"establishment",670,303,2901.01797945772,1233.39168250443,2,1,"SDD",2901.01797945772,1233.39168250443,1,FALSE
1,18,"establishment",671,303,2162.4005920419,1686.09589703865,2,1,"SDD",2162.4005920419,1686.09589703865,1,FALSE
1,18,"establishment",672,304,2048.92279130195,747.211333731392,2,1,"SDD",2048.92279130195,747.211333731392,1,FALSE
1,18,"establishment",673,305,1962.80803718841,661.067610483439,2,1,"SDD",1962.80803718841,661.067610483439,1,FALSE
1,18,"establishment",674,306,1754.77975934646,501.298065585738,2,1,"SDD",1754.77975934646,501.298065585738,1,FALSE
1,18,"establishment",675,306,1780.91518832956,573.445062394408,2,1,"SDD",1780.91518832956,573.445062394408,1,FALSE
1,18,"establishment",676,307,1753.50760368552,476.982082275872,2,1,"SDD",1753.50760368552,476.982082275872,1,FALSE
1,18,"establishment",677,307,1589.60113289677,570.640895669946,2,1,"SDD",1589.60113289677,570.640895669946,1,FALSE
1,18,"establishment",678,309,2094.60062381672,913.821668601767,2,1,"SDD",2094.60062381672,913.821668601767,1,FALSE
1,18,"establishment",679,309,1882.67192606112,1497.00043479864,2,1,"SDD",1882.67192606112,1497.00043479864,1,FALSE
1,18,"establishment",680,314,1475.36851115839,1366.03239605315,2,1,"SDD",1475.36851115839,1366.03239605315,1,FALSE
1,18,"establishment",681,318,1389.5475976629,1611.06773289627,2,1,"SDD",1389.5475976629,1611.06773289627,1,FALSE
1,18,"establishment",682,319,737.412553657364,162.354423522318,2,1,"SDD",737.412553657364,162.354423522318,1,FALSE
1,18,"establishment",683,319,432.782147446357,83.4395184095609,2,1,"SDD",432.782147446357,83.4395184095609,1,FALSE
1,18,"establishment",684,322,1262.65370135621,585.965895541616,2,1,"SDD",1262.65370135621,585.965895541616,1,FALSE
1,18,"establishment",685,323,1714.37795587271,2281.64005265534,2,1,"SDD",1714.37795587271,2281.64005265534,1,FALSE
1,18,"establishment",686,325,1249.87667451819,1692.33114387368,2,1,"SDD",1249.87667451819,1692.33114387368,1,FALSE
1,18,"establishment",687,330,1493.20432804281,1560.13680742674,2,1,"SDD",1493.20432804281,1560.13680742674,1,FALSE
1,18,"establishment",688,330,1462.46064326304,1312.03432651268,2,1,"SDD",1462.46064326304,1312.03432651268,1,FALSE
1,18,"establishment",689,330,2032.13558048122,1531.21189623285,2,1,"SDD",2032.13558048122,1531.21189623285,1,FALSE
1,18,"establishment",690,331,1739.90214513121,1522.58517477981,2,1,"SDD",1739.90214513121,1522.58517477981,1,FALSE
1,18,"establishment",691,333,490.381877497559,2197.06815252988,2,1,"SDD",490.381877497559,2197.06815252988,1,FALSE
1,18,"establishment",692,335,1872.39931570422,1278.10695699099,2,1,"SDD",1872.39931570422,1278.10695699099,1,FALSE
1,18,"establishment",693,337,982.457845645225,1489.23543579066,2,1,"SDD",982.457845645225,1489.23543579066,1,FALSE
1,18,"establishment",694,340,852.454233980734,2101.75037382218,2,1,"SDD",852.454233980734,2101.75037382218,1,FALSE
1,18,"establishment",695,340,852.603885296104,2210.6077338681,2,1,"SDD",852.603885296104,2210.6077338681,1,FALSE
